Series Name,Series Code,Country Name,Country Code,2000 [YR2000],2001 [YR2001],2002 [YR2002],2003 [YR2003],2004 [YR2004],2005 [YR2005],2006 [YR2006],2007 [YR2007],2008 [YR2008],2009 [YR2009],2010 [YR2010],2011 [YR2011],2012 [YR2012],2013 [YR2013],2014 [YR2014],2015 [YR2015],2017 [YR2017],2016 [YR2016],2018 [YR2018],2019 [YR2019],2020 [YR2020]
"GDP per capita, PPP (constant 2017 international $)",NY.GDP.PCAP.PP.KD,Afghanistan,AFG,..,..,1280.46317065778,1292.33343722938,1260.06058051982,1352.3206265475,1366.99314578093,1528.34457777944,1556.84445154502,1823.74261448512,2026.16381797997,1961.09631655741,2122.83075870676,2165.3409147556,2144.44963352064,2108.71417281187,2096.09311055337,2101.42218654808,2060.69897292797,2079.92186098824,1968.34100152117
"GDP per capita, PPP (constant 2017 international $)",NY.GDP.PCAP.PP.KD,Albania,ALB,5892.57045311397,6441.42786683557,6753.86773668616,7153.98114870525,7580.11301472565,8040.06536122962,8568.53266515493,9150.09859358523,9912.12872526348,10313.8811659785,10749.4450134566,11052.7559176482,11227.9280414412,11361.2298602638,11586.7943649919,11878.4139402813,12770.9664236798,12291.8175748981,13317.0927360367,13653.1550103049,13278.3433182533
"GDP per capita, PPP (constant 2017 international $)",NY.GDP.PCAP.PP.KD,Algeria,DZA,8786.19034999369,8926.11013383805,9299.68213365682,9835.16170946118,10114.7255553923,10566.3728388815,10592.2471115583,10775.5321067078,10847.1766343021,10824.5763614132,11007.7466060999,11113.9688922379,11270.701045131,11360.6376117058,11561.259795238,11751.6341191101,11809.4830333846,11888.322966871,11725.8777414874,11627.2799176185,10844.7707638851
"GDP per capita, PPP (constant 2017 international $)",NY.GDP.PCAP.PP.KD,American Samoa,ASM,..,..,..,..,..,..,..,..,..,..,..,..,..,..,..,..,..,..,..,..,..
"GDP per capita, PPP (constant 2017 international $)",NY.GDP.PCAP.PP.KD,Andorra,AND,..,..,..,..,..,..,..,..,..,..,..,..,..,..,..,..,..,..,..,..,..
"GDP per capita, PPP (constant 2017 international $)",NY.GDP.PCAP.PP.KD,Angola,AGO,4728.37436813592,4768.00889397813,5241.82058742633,5217.39051918638,5589.23793596591,6204.58875156972,6677.01973976917,7340.38890931744,7866.1843443608,7646.14435760809,7689.82073536757,7663.28605266516,8011.05009506366,8099.67882846483,8183.1645766116,7966.88555561333,7216.06137267002,7487.92509764052,6878.59002526807,6602.26921128365,6029.69189495339
"GDP per capita, PPP (constant 2017 international $)",NY.GDP.PCAP.PP.KD,Antigua and Barbuda,ATG,20674.8162626598,19434.1634383108,19384.5842042481,20330.7326376568,21267.3168789666,22381.0243942087,24905.3038034984,26853.2107305346,26451.0587713159,22933.3673771156,20848.9135243651,20196.8676922583,20266.7283863741,20175.8195454841,20451.2189691873,20584.147863768,21672.0448949248,21280.6436868977,23050.6849829255,23638.6852364576,19062.4125766856
"GDP per capita, PPP (constant 2017 international $)",NY.GDP.PCAP.PP.KD,Argentina,ARG,18524.8096075258,17514.5041008813,15439.7446333669,16631.5739769268,17950.1512818383,19338.1461909357,20679.243097676,22316.2555259104,22992.390179143,21413.2831164661,23521.2701750961,24647.6292739541,24118.8675158912,24424.1364465071,23550.0990599374,23933.8866120953,23597.117752839,23189.5274451329,22747.2416575831,22071.7480998394,19694.5605233461
"GDP per capita, PPP (constant 2017 international $)",NY.GDP.PCAP.PP.KD,Armenia,ARM,3921.85752187599,4346.90750559669,4965.22435904764,5698.77847656251,6334.85615310927,7259.20389235415,8273.78569972956,9476.47149359946,10201.5594510386,8819.67745940627,9068.78765139006,9551.15813085673,10289.9756312671,10677.3036548195,11105.5324996261,11506.0389896756,12509.6396064818,11580.3836431751,13231.4310690444,14317.5528692827,13357.6970638572
"GDP per capita, PPP (constant 2017 international $)",NY.GDP.PCAP.PP.KD,Aruba,ABW,39001.7270747746,39920.4040124401,39073.5557379146,39115.3823702548,41591.9203519237,41019.0420700003,40994.2489026891,41745.1159360396,41986.9803325229,36629.3278512996,35227.2073401191,36073.6394301224,35410.1159159894,37406.1735215139,36558.972837232,36099.9426361964,38868.3339230867,36504.6887306899,39597.6598760426,38511.3368756791,29236.0472636614
"GDP per capita, PPP (constant 2017 international $)",NY.GDP.PCAP.PP.KD,Australia,AUS,38412.6424452041,38690.5698814133,39775.2705165483,40535.6697466697,41798.7180224627,42595.4288564671,43182.3853613612,44001.4292882263,44675.1403940644,44592.1459771989,44881.3260742963,45328.2597058221,46289.1852995649,46685.097350806,47193.1716301214,47543.0801361158,48418.558421681,48107.0674601139,49085.9333718305,49420.9404224359,48651.7349653922
"GDP per capita, PPP (constant 2017 international $)",NY.GDP.PCAP.PP.KD,Austria,AUT,46469.8610601036,46878.9162398602,47419.2784117541,47633.1140009916,48633.2718157639,49387.0278641202,50840.6944621561,52565.0739687956,53166.0542015286,51030.7246778186,51843.4283275453,53179.1474647432,53297.4447850919,52997.7538166712,52932.9001116518,52873.8586545571,54172.9867888254,53345.7415259818,55217.2865300768,55769.6841038798,51854.7493457907
"GDP per capita, PPP (constant 2017 international $)",NY.GDP.PCAP.PP.KD,Azerbaijan,AZE,3998.52048313078,4360.45944142426,4736.56437632615,5180.68645770222,5610.76313748494,7106.59790726031,9453.94185980601,11684.1915431474,12672.3762154835,13565.8550922117,14082.2381481679,13913.8366943419,14027.468790254,14651.693970776,14867.9437345406,14852.6117080302,14121.4069355591,14232.1926180142,14209.5931685619,14442.0408668016,13726.7696576885
"GDP per capita, PPP (constant 2017 international $)",NY.GDP.PCAP.PP.KD,"Bahamas, The",BHS,36972.0410679884,37412.0476339909,37920.6063872967,36944.5171631828,36770.9064884765,37504.264217218,37918.2472565634,37928.6234252671,36523.5410175063,34498.1634486663,34539.5823712746,34321.2409125565,34999.8273975448,33681.5580088966,33996.8262833236,34023.7194329397,34067.8461834433,33484.5333364444,34810.2775023066,34324.996665818,26132.2075199469
"GDP per capita, PPP (constant 2017 international $)",NY.GDP.PCAP.PP.KD,Bahrain,BHR,46154.0295372007,46084.9272072473,46478.2054226708,47504.5573094864,47455.239988126,46821.0246254023,46303.4870146222,46792.1742553463,46588.6421016907,44972.7455841236,45600.0662441489,46564.7108841565,47793.5309713178,48915.5299366185,49117.9884481019,48453.7258486635,48929.4470119951,48486.3027470537,48937.6603623739,49768.9762142136,47994.4142924226
"GDP per capita, PPP (constant 2017 international $)",NY.GDP.PCAP.PP.KD,Bangladesh,BGD,2267.07534263548,2337.36457838974,2382.28146619565,2451.99022708859,2537.95070871986,2663.09625116971,2806.59268460145,2973.2813184428,3124.22679044642,3253.0913296157,3395.36478001701,3571.05863939925,3756.93192442051,3932.7083218214,4119.42463056385,4337.38589269384,4830.77629051855,4589.09352178014,5124.49874345916,5467.20750902916,5591.3737660456
"GDP per capita, PPP (constant 2017 international $)",NY.GDP.PCAP.PP.KD,Barbados,BRB,15505.8715219668,15098.0115024327,15155.3303251063,15424.5963566145,15583.7230790595,16141.6969800434,17057.5402404036,17346.8298843531,17383.7413342958,16438.683969536,16011.3643290824,15846.8682573297,15757.7485929024,15515.4974131252,15480.2090685691,15822.0995903355,16233.7921528506,16190.2363008037,16063.4537281839,16077.5147552255,14003.9220283777
"GDP per capita, PPP (constant 2017 international $)",NY.GDP.PCAP.PP.KD,Belarus,BLR,8053.17315549683,8477.08350803544,8961.6405895373,9660.19311285561,10839.9556222386,11940.1858865971,13214.8707840386,14417.3526705805,15942.8967331861,16014.1145672406,17300.7026474673,18274.0196322851,18611.453108112,18805.4297393376,19119.3121378627,18362.6952543104,18356.0660575514,17883.19031839,18974.7452169516,19288.0406878264,19239.5531427458
"GDP per capita, PPP (constant 2017 international $)",NY.GDP.PCAP.PP.KD,Belgium,BEL,43024.1399101042,43347.8892099274,43890.5981100134,44160.9114292454,45540.4669120107,46342.1866093314,47212.577772728,48590.4005353331,48423.515483961,47064.7900198376,47972.558838523,48154.8711461252,48210.9246578014,48204.5856992867,48748.6205926039,49456.3985817783,50442.2705419624,49829.9273887741,51113.4817384021,51977.1736814287,49030.9912855647
"GDP per capita, PPP (constant 2017 international $)",NY.GDP.PCAP.PP.KD,Belize,BLZ,8656.33038856931,8806.73720964056,8996.23265536761,9566.36368954138,9724.23505774441,9647.65630797896,9791.1701849876,9826.60428795564,9406.42531895382,9110.68433445723,8996.43017873374,8767.31491539721,8885.54529802773,9074.46258757489,9233.08511563139,9331.31266298748,8798.69905704344,9141.2454122414,8719.99084920896,8925.19030811654,7586.02364366463
"GDP per capita, PPP (constant 2017 international $)",NY.GDP.PCAP.PP.KD,Benin,BEN,2431.44550294654,2485.11637812184,2523.60981807462,2532.99827251271,2566.34549968205,2528.67632574197,2549.1942622816,2625.21259437598,2673.76918464907,2656.43147887534,2634.13456654935,2633.93889798441,2681.35149684201,2792.0271283962,2883.89892063343,2849.82032440254,2933.83738431719,2859.39151002765,3040.16735376931,3156.43876330799,3186.48609895157
"GDP per capita, PPP (constant 2017 international $)",NY.GDP.PCAP.PP.KD,Bermuda,BMU,83181.5263421175,88231.783860841,86364.153739107,88727.3112693061,90195.8115646944,91114.0769901835,95615.3606970562,98257.9926982026,95855.800692618,89961.9827443671,88399.9159492493,85829.3782604391,80982.367755316,80503.6502910788,77361.1048812589,77842.7539032209,81834.9558735543,78149.352535184,81423.4084533215,81681.7266682559,76117.8047438727
"GDP per capita, PPP (constant 2017 international $)",NY.GDP.PCAP.PP.KD,Bhutan,BTN,4323.04103725923,4559.52388994547,4931.44010029077,5186.71244604326,5368.40231162608,5643.84986921345,5949.77319571466,6955.89170238421,7203.88609741544,7602.500151485,8416.1365922088,8988.40004796958,9346.08314189949,9442.81607043151,9886.98059766614,10445.5758475032,11619.0645094045,11196.7703394116,11931.6631740763,12530.1711498307,11176.2904187988
"GDP per capita, PPP (constant 2017 international $)",NY.GDP.PCAP.PP.KD,Bolivia,BOL,5305.61926053567,5300.31433934189,5337.76585299394,5387.58177415191,5515.65581948199,5660.57481952264,5829.3713331054,5989.68992705155,6248.93395762807,6349.00791388597,6499.81815758581,6724.30067260437,6952.73837566093,7305.22798770529,7581.59842759216,7825.76674838841,8244.93344575115,8034.17272467539,8466.29319952075,8528.74880360829,7679.93319449802
"GDP per capita, PPP (constant 2017 international $)",NY.GDP.PCAP.PP.KD,Bosnia and Herzegovina,BIH,6825.99890662109,6965.44475390282,7309.56827122045,7618.83013521411,8180.70937032774,8600.3401831176,9146.86005551351,9803.90523833807,10506.6582625648,10363.5019792087,10636.0590229677,10933.0328318661,11046.1174854954,11483.2450651545,11766.9676044039,12437.485132958,13582.1736974909,13000.6063406587,14267.5081989658,14851.6364993188,14587.4698636656
"GDP per capita, PPP (constant 2017 international $)",NY.GDP.PCAP.PP.KD,Botswana,BWA,11461.9352022438,11262.7574600857,11725.4123691102,12054.7229956143,12166.3142520909,12494.0599439792,13287.058541671,13783.206317513,13945.4234683719,11729.4179073599,12653.211746314,13250.0847313911,12975.7849055951,14144.3404811954,14664.7846875238,13682.1997756941,14656.772988721,14373.3387418667,14961.8311652622,15117.6843172752,13545.0474160116
"GDP per capita, PPP (constant 2017 international $)",NY.GDP.PCAP.PP.KD,Brazil,BRA,11529.4866151644,11536.3638321407,11739.4318434051,11733.4111975412,12268.6638325485,12520.8549899009,12877.4441830466,13518.8477758477,14067.9458125763,13916.9632254972,14824.7411544273,15271.4693518003,15425.3529285957,15751.4844481235,15695.6431041785,15011.5771943529,14477.8617680601,14402.4940082453,14619.5911298271,14685.1278924674,14109.7639690445
"GDP per capita, PPP (constant 2017 international $)",NY.GDP.PCAP.PP.KD,British Virgin Islands,VGB,..,..,..,..,..,..,..,..,..,..,..,..,..,..,..,..,..,..,..,..,..
"GDP per capita, PPP (constant 2017 international $)",NY.GDP.PCAP.PP.KD,Brunei Darussalam,BRN,68865.7872998496,69338.9207191783,70631.8736782129,71331.7527275359,70415.4241541023,69482.3838018272,71352.8857884172,70342.4093047527,67934.0640848731,65753.4057014535,66484.2415406151,68037.5229790103,67792.7546260517,65534.6831602734,63131.186248062,62170.0870232201,60173.0511336013,59980.9887454086,59650.2315273035,61424.3643132688,61603.5508036186
"GDP per capita, PPP (constant 2017 international $)",NY.GDP.PCAP.PP.KD,Bulgaria,BGR,10504.770358534,11125.7241321846,12037.5011262957,12768.6664511593,13703.0014647224,14780.8113618278,15906.6435700726,17090.3346384906,18265.6586357845,17768.3914999455,18163.9298744102,18662.8768195386,18911.8519138809,18914.7679033434,19203.1931673269,19982.7297814426,21457.9019850147,20732.4375979624,22195.8671431114,23254.628195937,22466.7642609023
"GDP per capita, PPP (constant 2017 international $)",NY.GDP.PCAP.PP.KD,Burkina Faso,BFA,1266.74481663807,1310.07221197696,1325.70342969155,1385.45504828434,1402.78437162473,1477.03982209929,1521.15445427702,1536.3858137955,1578.34582603774,1578.14893890186,1661.87202140763,1720.08252228733,1776.39099745576,1823.59495248367,1846.64512676697,1862.85471186197,1978.15501161376,1916.7563817824,2051.21843060824,2106.03617656111,2089.56780406926
"GDP per capita, PPP (constant 2017 international $)",NY.GDP.PCAP.PP.KD,Burundi,BDI,837.348411451095,833.670878742379,846.747295184596,810.552335241984,818.746063270769,796.108713073826,809.696010652699,807.44748064358,812.592169776878,801.803427362171,804.354940804194,807.6649575843,814.32077076854,824.610522607553,831.294838603726,781.579287257152,750.787616270977,764.336602194152,740.448222531284,729.65846261506,711.355263408189
"GDP per capita, PPP (constant 2017 international $)",NY.GDP.PCAP.PP.KD,Cabo Verde,CPV,4255.74569658306,4278.7578320908,4434.21835227592,4553.41532727334,4950.76311308588,5225.92171145174,5574.63226247037,6345.94144290652,6718.05638016602,6549.00542804698,6597.94938360174,6774.89374195463,6766.94293107979,6733.08879587578,6703.81235646672,6691.93143160903,7130.85415218192,6900.56100921959,7314.30128315943,7743.47916403827,6073.38035252938
"GDP per capita, PPP (constant 2017 international $)",NY.GDP.PCAP.PP.KD,Cambodia,KHM,1486.10711392755,1578.62770087498,1652.53813170856,1761.42110246825,1909.41845605634,2124.83745731084,2313.33033191801,2505.52034946114,2629.25905783641,2592.15546103613,2706.99181559685,2856.53078626106,3021.33221936616,3197.53210035196,3378.36459047885,3565.24506710358,3972.7241639191,3761.91133765966,4217.62179099337,4464.29444969055,4276.18453895976
"GDP per capita, PPP (constant 2017 international $)",NY.GDP.PCAP.PP.KD,Cameroon,CMR,2937.99187270976,2985.57790580257,3036.76770237707,3116.15282017843,3245.49589260784,3228.36116061603,3261.45165555045,3309.28229524961,3308.31990795114,3298.40745206312,3298.62457927485,3314.89823407679,3371.97553263081,3442.2006268529,3530.28319116155,3614.75571604719,3691.09472365252,3667.32267475561,3732.50124762252,3756.50956172602,3665.5105811789
"GDP per capita, PPP (constant 2017 international $)",NY.GDP.PCAP.PP.KD,Canada,CAN,41307.7514600943,41627.6249518203,42412.4139635846,42791.0946777734,43704.6691337093,44683.764981042,45401.4658552876,45884.3825270918,45841.9946970254,44000.4039241704,44858.8189978139,45815.5303744133,46116.427365107,46693.0393457026,47554.2562709236,47507.4518407903,48317.1745835151,47460.3698331407,48946.247335636,49169.1223746857,46193.1741512432
"GDP per capita, PPP (constant 2017 international $)",NY.GDP.PCAP.PP.KD,Cayman Islands,CYM,..,..,..,..,..,..,84778.3846273679,84870.0122137255,82125.1148887631,74068.8808625605,70095.8958134922,69103.2437128229,68270.0366376175,67537.5488446491,67762.3608420053,68135.4640728355,69534.7719101223,68824.426036871,71046.021848765,72432.5019661964,67530.6954647579
"GDP per capita, PPP (constant 2017 international $)",NY.GDP.PCAP.PP.KD,Central African Republic,CAF,1007.24783442941,1028.79140785186,1042.70864454409,962.86483675182,998.689099661647,985.324815965559,1011.77750952868,1038.75013264676,1038.33528617758,1103.4637660212,1130.89570808081,1160.41474143552,1208.51577049925,764.051500246645,765.259553983357,795.037018678033,839.600009452135,818.395995276405,854.647491304949,861.766788755873,847.765012420583
"GDP per capita, PPP (constant 2017 international $)",NY.GDP.PCAP.PP.KD,Chad,TCD,907.833513620676,980.469762610909,1027.66998521895,1133.06546734895,1448.4099900066,1632.95423350515,1586.36410518888,1583.70022758587,1576.76519728145,1586.45444016882,1741.0539976033,1682.65774621558,1769.32492045591,1804.82313259821,1861.6929035836,1853.25936456204,1579.76060047631,1683.47808848358,1563.5439331455,1561.99667256928,1489.18671217966
"GDP per capita, PPP (constant 2017 international $)",NY.GDP.PCAP.PP.KD,Channel Islands,CHI,..,..,..,..,..,..,..,..,..,..,..,..,..,..,..,..,..,..,..,..,..
"GDP per capita, PPP (constant 2017 international $)",NY.GDP.PCAP.PP.KD,Chile,CHL,15415.7543241581,15725.6011989621,16053.6546496457,16636.6537886325,17571.0248424238,18415.7550355808,19339.4876734999,20140.5297017588,20695.5626125477,20255.0988352295,21225.1039096904,22323.7231409265,23467.97878578,24011.5910739973,24197.1833415116,24464.7457242613,24546.9124831181,24599.3746943432,25071.99013215,24809.8610359644,22970.5504925941
"GDP per capita, PPP (constant 2017 international $)",NY.GDP.PCAP.PP.KD,China,CHN,3451.67923096613,3712.33813229997,4024.35569657702,4400.82518349331,4817.21184464953,5334.64663946705,5979.78171185566,6795.17401247195,7412.87436351064,8069.35463834266,8884.58803129009,9680.0976996846,10370.7265717318,11101.9389300313,11851.4042175662,12612.3516513242,14243.5326108491,13399.1373202879,15133.9956182376,15977.7638280867,16296.6093791402
"GDP per capita, PPP (constant 2017 international $)",NY.GDP.PCAP.PP.KD,Colombia,COL,9138.31634837786,9146.40228274619,9232.62480185524,9453.32590063046,9816.27483123066,10150.705071211,10692.724649653,11272.5748137008,11507.5225933715,11507.7138805501,11890.1997376165,12578.0120939701,12934.9621189014,13465.0712617183,13938.2276017866,14215.6842593479,14334.9105821162,14358.1641853816,14426.4303301896,14616.1310189382,13358.2943309399
"GDP per capita, PPP (constant 2017 international $)",NY.GDP.PCAP.PP.KD,Comoros,COM,2863.15184983925,2871.19685329532,2878.5343592749,2881.96070660931,2881.56674362285,2905.68918263989,2923.53230074437,2888.44663400808,2942.99084560344,2976.77945418225,3025.51738376237,3084.82658544172,3115.23803263561,3185.31969710048,3183.15703112003,3150.87762379692,3240.17917020286,3185.62966370388,3294.83197206575,3290.65052676586,3222.37408929598
"GDP per capita, PPP (constant 2017 international $)",NY.GDP.PCAP.PP.KD,"Congo, Dem. Rep.",COD,728.20719687184,691.709145130354,690.65960748096,708.028771092759,733.541896967397,754.664443225631,769.887144601259,792.190884911577,815.01185695086,811.927345150487,841.856287115096,870.073805545314,900.978990405876,944.640247428046,999.07213352076,1032.57186484898,1023.53983314556,1021.3271982971,1048.24644679752,1059.89211128909,1044.07121380237
"GDP per capita, PPP (constant 2017 international $)",NY.GDP.PCAP.PP.KD,"Congo, Rep.",COG,4454.33715399011,4453.11024298565,4549.41595433261,4461.2029556713,4462.08885857246,4638.19962842914,4824.09829418417,4342.19316651967,4465.59988041177,4788.97995402991,5050.27949889368,4996.91931290816,5343.55491421009,5179.32378850215,5393.0818245717,5287.66247986046,4345.51912316554,4714.43854786775,4144.9493083115,4093.99062163531,3748.93261286327
"GDP per capita, PPP (constant 2017 international $)",NY.GDP.PCAP.PP.KD,Costa Rica,CRI,12570.6954235029,12771.9500952422,12985.9999985051,13333.2165533298,13713.0076250599,14049.9086550059,14864.780635699,15861.8737416372,16385.0001353102,16024.029215472,16667.0156405471,17186.44753576,17809.9396232546,18044.9440543012,18480.6507785223,18956.1909314743,20168.2194165112,19553.5978270043,20503.2757213464,20818.0605791992,19778.3854862734
"GDP per capita, PPP (constant 2017 international $)",NY.GDP.PCAP.PP.KD,Cote d'Ivoire,CIV,4123.84156883674,3930.70778665602,3728.58743908939,3467.56166009519,3495.3404221251,3451.01024109419,3470.63352243256,3433.85120574677,3522.23400328344,3572.68160019922,3737.40073156566,3464.04703706404,3652.1767666532,3962.60459822292,4234.79041295954,4423.82679710006,4836.04836654882,4620.34915605183,4941.79381103946,5132.34156935439,5092.16347104493
"GDP per capita, PPP (constant 2017 international $)",NY.GDP.PCAP.PP.KD,Croatia,HRV,18331.1767964219,19644.7774150887,20775.9822830211,21933.1159073465,22843.5336907098,23796.8631782241,24999.1094902295,26273.5605943315,26805.2777067911,24896.6322104969,24642.9814896083,24707.7013009649,24203.4303965572,24174.6275868041,24169.9891770895,24984.7430385784,27267.3226459382,26056.1091015604,28287.9728091814,29412.2198169457,27002.0138496226
"GDP per capita, PPP (constant 2017 international $)",NY.GDP.PCAP.PP.KD,Cuba,CUB,..,..,..,..,..,..,..,..,..,..,..,..,..,..,..,..,..,..,..,..,..
"GDP per capita, PPP (constant 2017 international $)",NY.GDP.PCAP.PP.KD,Curacao,CUW,28613.8998746656,29474.5905351755,29555.437383206,29035.6513154614,28598.5659888076,28067.0788061986,27802.9783186577,27932.5885259128,28186.8706932864,27855.1403936316,27527.4891160483,27277.1082806099,26957.2674143457,26483.9496728536,25962.886574067,25739.9225706404,24795.5934776245,25196.5112793026,24401.6830875035,23903.6212972904,19907.1222876223
"GDP per capita, PPP (constant 2017 international $)",NY.GDP.PCAP.PP.KD,Cyprus,CYP,32943.140625,33878.109375,34738.9765625,35219.62890625,36498.38671875,37722.45703125,38847.078125,39967.46875,40397.74609375,38535.14453125,38296.73828125,37481.84765625,35642.67578125,33384.5,33136.515625,34453.15234375,38288.0078125,36509.10546875,39977.0390625,41741.515625,39871.59765625
"GDP per capita, PPP (constant 2017 international $)",NY.GDP.PCAP.PP.KD,Czechia,CZE,24976.498277563,25833.4063533948,26289.6176754856,27239.5506747567,28542.2456286136,30384.436867063,32352.8025510542,33956.2350530817,34580.4322137524,32782.6017954523,33483.1268155206,34002.1788288328,33688.088989186,33661.457579474,34386.6938442223,36168.4069116203,38824.875418124,37014.9473772873,39941.272491387,40989.7134269238,38639.96708082
"GDP per capita, PPP (constant 2017 international $)",NY.GDP.PCAP.PP.KD,Denmark,DNK,48907.0114021027,49133.2231026505,49204.8990055345,49262.6449732556,50446.5416048985,51483.273786293,53322.2889991783,53569.0280238008,52982.5317373493,50114.0500523227,50825.4122929358,51293.2061782002,51216.3094099261,51479.2664533017,52048.3354927846,52892.6460290247,55356.680780178,54185.0084787703,56178.7746299825,56813.9641554635,55275.062250353
"GDP per capita, PPP (constant 2017 international $)",NY.GDP.PCAP.PP.KD,Djibouti,DJI,..,..,..,..,..,..,..,..,..,..,..,..,..,3664.26803619943,3854.26995628598,4073.62245479949,4451.68384614482,4291.2973762258,4589.37832627416,4768.11300470727,4759.25897717946
"GDP per capita, PPP (constant 2017 international $)",NY.GDP.PCAP.PP.KD,Dominica,DMA,9763.94122601566,9785.33996073694,9493.42741159894,10070.0042883003,10357.2335536786,10409.9820860605,10884.2531377088,11570.1724107084,12392.8297404105,12246.9940872336,12335.1099271963,12309.8622178234,12153.687730068,12044.2218719671,12516.3840491873,12063.8956796634,11511.6064241415,12385.2690878926,11849.3015364933,12395.4204702077,10255.8596145691
"GDP per capita, PPP (constant 2017 international $)",NY.GDP.PCAP.PP.KD,Dominican Republic,DOM,9246.30941620922,9333.5704881453,9613.33169817667,9351.32395116499,9460.91291134527,10215.4993710392,11009.2750694517,11677.2541307516,11899.2276476721,11856.0474200601,12677.0175637642,12905.288988573,13087.9489899427,13555.5113586867,14334.733860885,15145.4694592907,16524.5338420587,15967.2022809286,17484.1217559257,18171.0609627655,16768.4261044255
"GDP per capita, PPP (constant 2017 international $)",NY.GDP.PCAP.PP.KD,Ecuador,ECU,8211.71125413845,8395.83265754095,8589.28386673127,8670.21073976421,9220.32540947744,9542.22499460196,9792.42181991219,9836.41910460756,10284.9542658843,10170.6509379627,10355.8226596754,10988.7221081401,11424.1523292447,11806.9238358507,12073.8104194928,11908.215784299,11679.4302342769,11587.8253010112,11608.4190498367,11390.2169659569,10356.9742017158
"GDP per capita, PPP (constant 2017 international $)",NY.GDP.PCAP.PP.KD,"Egypt, Arab Rep.",EGY,7869.2594929951,7981.6226843489,8003.28081905415,8088.21640231251,8249.86804918611,8449.5252202254,8853.76128535594,9298.05053647559,9770.22119807634,10028.7333042594,10333.2755662437,10286.0101966952,10279.8604215552,10264.0641579955,10318.6509217013,10534.8822044455,10995.0056689479,10765.8288009465,11363.3180205488,11780.9620965028,11989.5992514646
"GDP per capita, PPP (constant 2017 international $)",NY.GDP.PCAP.PP.KD,El Salvador,SLV,6497.03006557192,6521.76636817693,6598.8043699273,6684.78267128282,6734.39760888093,6912.45929118489,7216.29346623917,7337.83280996326,7466.31163090567,7281.15976491885,7410.21691099315,7660.63499466519,7851.22586096086,7991.02916922313,8097.9581764719,8263.64372524323,8617.92170824529,8447.10366608495,8812.9247941056,9015.66403063947,8294.53733884395
"GDP per capita, PPP (constant 2017 international $)",NY.GDP.PCAP.PP.KD,Equatorial Guinea,GNQ,9890.81773740153,15389.1559944404,17534.8470755054,19081.9262331196,25164.153285585,28075.1780756811,28879.3520851043,31770.0147878693,35688.6470720477,34479.8948330445,29944.2618032545,30502.6004688321,31680.6597401383,29143.0218017857,28106.1983886504,24563.5006044462,19617.8447053636,21566.0570482721,17764.9696298828,16240.3698101562,15045.5287073838
"GDP per capita, PPP (constant 2017 international $)",NY.GDP.PCAP.PP.KD,Eritrea,ERI,..,..,..,..,..,..,..,..,..,..,..,..,..,..,..,..,..,..,..,..,..
"GDP per capita, PPP (constant 2017 international $)",NY.GDP.PCAP.PP.KD,Estonia,EST,17765.2075336124,18952.1070075434,20364.0087374035,22049.6827903416,23691.1529865284,26096.9883386237,28814.9203164655,31140.5798350899,29621.7645299993,25337.175235261,26015.7463509325,27990.136407635,28997.3228845385,29525.1188635117,30494.0963031973,31038.8046287051,33821.93290847,32008.9343566614,34979.8670494407,36153.4319482746,35883.265325261
"GDP per capita, PPP (constant 2017 international $)",NY.GDP.PCAP.PP.KD,Eswatini,SWZ,5443.43935311282,5443.2789355121,5630.80407334201,5805.16183891255,5976.21179772814,6298.53113992386,6639.71843687214,6894.08757224949,6913.34842435909,6989.37790510274,7221.33595907231,7347.20458344105,7701.39398371366,7949.5879278554,7969.20770717136,8088.7344748387,8213.9206193606,8113.23960081747,8343.92296083981,8501.26632860999,8290.40943633597
"GDP per capita, PPP (constant 2017 international $)",NY.GDP.PCAP.PP.KD,Ethiopia,ETH,719.004435514051,756.272564393651,745.53779452733,708.53266368312,781.913516744977,849.847673325314,915.673438327061,991.883400804938,1068.13800881515,1130.03184035037,1236.47940941404,1336.06695076749,1411.13592886177,1518.1437623013,1629.18906979629,1750.6727312872,1987.96875367138,1864.48766816335,2067.45649659251,2181.65887703263,2253.23578832192
"GDP per capita, PPP (constant 2017 international $)",NY.GDP.PCAP.PP.KD,Faroe Islands,FRO,..,..,..,..,..,..,..,..,..,..,..,..,..,..,..,..,..,..,..,..,..
"GDP per capita, PPP (constant 2017 international $)",NY.GDP.PCAP.PP.KD,Fiji,FJI,9328.58130318814,9415.50237885171,9618.80618330387,9619.74647786218,10031.5572282965,10006.7669139259,10097.9616640164,9927.02230030624,9961.51229138346,9772.74360120078,10019.4125012392,10254.3588048022,10368.2158396057,10830.6102180965,11411.1836716589,11903.5016135142,12822.0135997922,12179.070677301,13311.1668940929,13241.5460279107,10961.8469533848
"GDP per capita, PPP (constant 2017 international $)",NY.GDP.PCAP.PP.KD,Finland,FIN,39894.1944569685,40842.3417724243,41439.019233448,42168.6934671901,43724.9661225981,44786.9096643071,46412.2003478176,48664.265707071,48817.989492787,44662.100140396,45874.6613021399,46825.8248388831,45952.246383366,45328.5753218041,44976.7764487708,45072.5902146238,47570.133583848,46206.7878130494,48048.5246160501,48583.4339897935,47371.2175698728
"GDP per capita, PPP (constant 2017 international $)",NY.GDP.PCAP.PP.KD,France,FRA,39726.4884007159,40220.1008603728,40381.4595325319,40425.6380520509,41265.1269211355,41638.0317796772,42362.985412525,43123.5011328544,42993.0595165288,41544.0226065122,42145.6819456785,42862.415796739,42789.0519131717,42813.9335350732,43021.3946358903,43345.7864281559,44577.0645745394,43705.1475593257,45245.9608684875,45922.7947390313,42344.9458934579
"GDP per capita, PPP (constant 2017 international $)",NY.GDP.PCAP.PP.KD,French Polynesia,PYF,..,..,..,..,..,..,..,..,..,..,..,..,..,..,..,..,..,..,..,..,..
"GDP per capita, PPP (constant 2017 international $)",NY.GDP.PCAP.PP.KD,Gabon,GAB,15987.0890848748,15907.8643345026,15453.0495552866,15379.622091738,15062.6403187925,15028.3676284766,14177.0879324268,14570.7549444887,13646.6176222541,13221.7656654831,13682.8475255477,14145.6508031578,14367.9999147727,14655.3655518015,14785.3986692256,14892.0357902738,14478.1303050188,14783.0781171838,14254.4616972272,14478.0017220931,13903.2889546654
"GDP per capita, PPP (constant 2017 international $)",NY.GDP.PCAP.PP.KD,"Gambia, The",GMB,2081.22229631874,2139.55657990598,2011.85403220335,2089.62102955405,2173.15936437648,2060.52281922672,1988.09700181441,1986.39596364259,2046.13421736956,2115.6148228584,2172.19383717868,1934.727946418,1974.09405665285,1969.77695028352,1885.14203449669,1905.82299441223,1927.0399420242,1889.13802091669,2012.59077029834,2083.3090583462,2042.62028935163
"GDP per capita, PPP (constant 2017 international $)",NY.GDP.PCAP.PP.KD,Georgia,GEO,4919.23187995616,5236.22280631371,5572.62200637586,6230.82190884126,6632.81426469502,7315.19848048057,8049.90605481459,9109.89774086377,9358.61458957779,9097.42124780979,9735.15793517655,10535.907156318,11294.8612042373,11738.5095090656,12254.1259497562,12605.1400698178,13589.7073915159,12963.7439586374,14253.4089858441,14989.2581602038,13966.3263350166
"GDP per capita, PPP (constant 2017 international $)",NY.GDP.PCAP.PP.KD,Germany,DEU,42928.1813366719,43576.6365260124,43417.3079988044,43089.4738197519,43605.2786723109,43949.2881791796,45678.0819192686,47100.6097046962,47643.2227372401,45044.4863870437,46999.2399709894,49757.9241566763,49872.4474888681,49954.173749339,50845.5269954271,51159.2974643888,53071.4555699913,51879.6725937905,53431.3928655449,53884.3752362418,51780.0267992323
"GDP per capita, PPP (constant 2017 international $)",NY.GDP.PCAP.PP.KD,Ghana,GHA,2752.16477326633,2787.12561648713,2833.58842124609,2901.10787290517,2982.88747185112,3075.96273112226,3187.57643715953,3240.59260789284,3447.2747779802,3523.78938662628,3709.39576125858,4128.56017880333,4402.54595248917,4610.02791537354,4628.90141332145,4616.6194141642,4929.56795405121,4662.01147392713,5125.24948962186,5345.94159228145,5263.52660401553
"GDP per capita, PPP (constant 2017 international $)",NY.GDP.PCAP.PP.KD,Gibraltar,GIB,..,..,..,..,..,..,..,..,..,..,..,..,..,..,..,..,..,..,..,..,..
"GDP per capita, PPP (constant 2017 international $)",NY.GDP.PCAP.PP.KD,Greece,GRC,29133.7131559614,30180.0949545865,31249.261851059,32981.2088290864,34564.7615519701,34670.034793907,36519.8897565996,37619.4978019048,37394.0103729729,35691.7912413931,33693.2114765963,30318.4046680383,28322.5730581368,27810.9112255691,28129.9613244489,28260.3866739065,28604.8609402657,28239.9192063819,29141.1743829385,29720.1704007204,27009.2072991312
"GDP per capita, PPP (constant 2017 international $)",NY.GDP.PCAP.PP.KD,Greenland,GRL,..,..,..,..,..,..,..,..,..,..,..,..,..,..,..,..,..,..,..,..,..
"GDP per capita, PPP (constant 2017 international $)",NY.GDP.PCAP.PP.KD,Grenada,GRD,11116.6951967943,10840.8463061928,11182.9172237457,12183.9655187295,12019.3071533206,13523.8790835536,12897.6912158282,13597.1848422133,13634.1331408848,12645.7868133316,12493.9930216064,12493.247207814,12243.0721828164,12420.230545267,13216.0769225232,13948.6993000428,14870.0314945401,14351.3938731312,15401.7802153048,15394.0304271941,13175.5217421008
"GDP per capita, PPP (constant 2017 international $)",NY.GDP.PCAP.PP.KD,Guam,GUM,..,..,..,..,..,..,..,..,..,..,..,..,..,..,..,..,..,..,..,..,..
"GDP per capita, PPP (constant 2017 international $)",NY.GDP.PCAP.PP.KD,Guatemala,GTM,6499.88328517311,6493.60646967771,6589.73707436894,6612.66987730145,6676.70453318824,6753.68253599957,6972.38159210706,7269.2062604465,7365.2804361703,7262.50010896451,7335.98897429945,7503.67465594417,7590.75546737921,7734.11770732066,7939.37437823934,8125.65553391647,8322.21680991504,8206.04798668298,8469.11528803522,8673.00201631063,8389.10673604404
"GDP per capita, PPP (constant 2017 international $)",NY.GDP.PCAP.PP.KD,Guinea,GIN,1685.27633120194,1724.43550335996,1785.57330458595,1767.79103886493,1771.04529789842,1788.38965350193,1772.71497743235,1850.63720336728,1881.26979064008,1815.31577684347,1856.49018906203,1912.81785663076,1976.95808935598,2005.381908404,2028.51478090374,2053.11160155314,2383.57886733462,2217.10930694606,2471.71900224002,2545.14020149994,2604.11723403951
"GDP per capita, PPP (constant 2017 international $)",NY.GDP.PCAP.PP.KD,Guinea-Bissau,GNB,1681.40622921676,1681.95601479356,1628.73032720414,1600.67090793725,1606.58214269355,1635.41433981726,1632.50514634058,1643.37689899939,1652.88436103853,1665.20079276997,1697.4955890648,1787.07396932316,1710.02376978071,1718.8620748877,1690.09113550982,1748.02923262025,1872.30928139809,1811.30097094519,1851.88654557709,1890.53310322385,1803.6305907651
"GDP per capita, PPP (constant 2017 international $)",NY.GDP.PCAP.PP.KD,Guyana,GUY,7649.95762196821,7816.53435148924,7899.72247696,7847.31170119423,7971.43919026004,7823.27574356807,8239.13337510142,8853.17913103104,9036.89459370924,9399.30709069206,9831.819758244,10394.1532438963,10946.4661637725,11293.948395644,11427.9242889176,11446.8015212967,12193.6216799111,11819.1414701729,12374.2075726458,12820.5032128074,18430.6014714079
"GDP per capita, PPP (constant 2017 international $)",NY.GDP.PCAP.PP.KD,Haiti,HTI,2991.64616245386,2928.32559156292,2907.94256200219,2957.70169157129,2870.11520779468,2909.45734664106,2911.58577058648,2998.6112550698,3028.67100121189,3155.85667551441,2943.54950304362,3058.98691679823,3027.45025350923,3111.39031031197,3154.68399817909,3153.11956867416,3200.04218273139,3165.29569175721,3209.42962946008,3112.29594285181,2970.46284530554
"GDP per capita, PPP (constant 2017 international $)",NY.GDP.PCAP.PP.KD,Honduras,HND,4058.02886183231,4058.1116426846,4101.27699177832,4179.42286445425,4330.73931777835,4482.75768557457,4665.76729221371,4842.42277095403,4936.86907633085,4714.67926445949,4790.10957270128,4874.87358351561,4978.07402348643,5020.93686421229,5079.70344966707,5180.18669368863,5447.69879159062,5287.25283047757,5561.26253321236,5613.66058791544,5028.14510891989
"GDP per capita, PPP (constant 2017 international $)",NY.GDP.PCAP.PP.KD,"Hong Kong SAR, China",HKG,36316.2721330418,36251.7849017246,36689.5277634845,37885.5806834656,40861.7161529314,43689.3580987291,46462.4932576489,49042.811891598,49787.6284247217,48458.8527113399,51359.7991111693,53471.8029758358,53783.9529746655,55229.6304626321,56358.0490951869,57214.7041467325,59842.2129961658,58098.4050432038,61055.3296945359,59592.0344814547,55892.1109747094
"GDP per capita, PPP (constant 2017 international $)",NY.GDP.PCAP.PP.KD,Hungary,HUN,19408.9249413897,20246.0486293091,21266.4421601586,22196.3769666499,23358.8899936078,24410.484622859,25413.2805443822,25523.2788825155,25824.696861006,24158.2118810771,24473.4665825003,25001.0893479126,24816.3498190242,25333.3341358242,26476.7206732233,27523.6850352056,29496.1684526324,28212.6175586953,31117.2834136694,32645.6690083354,31232.1061318869
"GDP per capita, PPP (constant 2017 international $)",NY.GDP.PCAP.PP.KD,Iceland,ISL,41530.5098152658,42626.9153616556,42484.5084267003,43095.3490701631,46051.7355616672,48104.6431160594,49956.8396132884,52827.0005715793,52999.4279540805,48770.9415191106,47457.6143384231,48186.1585757835,48440.246326273,50168.6794646588,50450.7324907944,52142.9233802418,55638.4819999486,54665.7540324483,56816.5563287223,56615.2931135976,51684.3929195909
"GDP per capita, PPP (constant 2017 international $)",NY.GDP.PCAP.PP.KD,India,IND,2571.14965560006,2646.87822419974,2699.17810235231,2861.57470795016,3037.06381497404,3225.54433037317,3432.81925130587,3642.00241019468,3701.39547856844,3937.23764176378,4213.36299124625,4374.23227150159,4551.86212656465,4780.12034482464,5071.04708387161,5411.8755881967,6112.06664981487,5789.67806551014,6436.15340203879,6617.12986827963,6172.04238600145
"GDP per capita, PPP (constant 2017 international $)",NY.GDP.PCAP.PP.KD,Indonesia,IDN,5621.26204060619,5744.4939876684,5921.07784705598,6121.66619160837,6348.29457923284,6625.61466463893,6899.85120376475,7242.01816575882,7578.20522099801,7828.80918811281,8212.63445355321,8610.52884835933,9015.80086111248,9402.1079541146,9759.02520719293,10121.8409246605,10941.9209510231,10519.2950589966,11397.4314013759,11857.7891170417,11515.6807436154
"GDP per capita, PPP (constant 2017 international $)",NY.GDP.PCAP.PP.KD,"Iran, Islamic Rep.",IRN,11026.1018074245,11098.4462354911,11878.8623553332,12785.9301387295,13126.5825530942,13328.9563938206,13780.727930618,14689.5604477748,14525.7602467185,14473.8328900095,15099.4601945819,15302.2019356122,14541.8493733631,14113.4577883095,14538.5218696862,14010.8582615974,15163.292311303,14968.595046498,14691.1844623114,14084.3535121898,14432.36271404
"GDP per capita, PPP (constant 2017 international $)",NY.GDP.PCAP.PP.KD,Iraq,IRQ,8779.79256224462,8654.4536914468,7693.8580387526,4726.97404754069,7044.68682517054,6952.88933062596,7292.88705724069,7493.8439168457,7955.69609819,7933.82117632727,8178.30525184649,8493.08246699665,9251.98240288708,9503.87503980183,9194.86407751355,9371.21348719184,9976.85494186285,10404.2038670674,9995.04951307618,10299.3162888988,8848.11845678013
"GDP per capita, PPP (constant 2017 international $)",NY.GDP.PCAP.PP.KD,Ireland,IRL,48441.6981240903,50206.1724441333,52279.5646026021,52985.0183189948,55556.6237055131,57479.4054477589,58741.1874301789,60097.6571671276,56244.4081533618,52838.914998125,53436.2188416644,53885.1131218713,53587.6721538595,53932.3873639079,58266.5870288596,71845.4365165213,78168.9677375394,72293.2147088064,83746.1464524614,86984.9873282667,91791.440529146
"GDP per capita, PPP (constant 2017 international $)",NY.GDP.PCAP.PP.KD,Isle of Man,IMN,..,..,..,..,..,..,..,..,..,..,..,..,..,..,..,..,..,..,..,..,..
"GDP per capita, PPP (constant 2017 international $)",NY.GDP.PCAP.PP.KD,Israel,ISR,30476.3916236746,29865.8684346456,29236.9364961536,29114.0400636533,29972.4810140781,30666.159973792,31810.7966530678,33136.2197198223,33611.0693490827,33107.0357816342,34350.4489816188,35596.7530463852,35849.8836124427,36740.7962697398,37454.8084886627,37632.8196403202,39448.1391458162,38570.8717524281,40270.4240199333,41151.0067396475,39680.6658703571
"GDP per capita, PPP (constant 2017 international $)",NY.GDP.PCAP.PP.KD,Italy,ITA,43053.93306429,43869.4279411713,43915.385340484,43781.2199783421,44118.0366368665,44260.8274173515,44918.1703531499,45356.5367193485,44623.6020153057,42074.9212455091,42664.3552727925,42892.3055641948,41501.7112309705,40268.1127892773,39898.5264609826,40247.8290437942,41581.120790548,40837.7376281437,42045.9214694407,42739.0499116836,39093.5250863749
"GDP per capita, PPP (constant 2017 international $)",NY.GDP.PCAP.PP.KD,Jamaica,JAM,9496.54312229754,9575.87610032087,9719.60250127921,10027.3687060882,10110.535305957,10151.9766153146,10396.5932329678,10500.3339496435,10376.1023751649,9885.0239292059,9700.02741819298,9823.77352773865,9715.20835448434,9718.62476276768,9745.55400812848,9800.50685019155,9984.57711737026,9906.04021998967,10160.7632702319,10244.3661921245,9206.29158187902
"GDP per capita, PPP (constant 2017 international $)",NY.GDP.PCAP.PP.KD,Japan,JPN,36323.0956429399,36375.5867623447,36306.3305502443,36784.881375075,37576.3902492359,38250.6383751082,38751.0053733675,39280.895272407,38781.1990956413,36577.863752021,38069.9564008178,38149.6184709191,38735.8967179808,39569.6369509573,39739.5415022746,40402.5818899425,41444.2161387155,40727.9692646692,41763.8208668096,41654.3283115926,40044.509457514
"GDP per capita, PPP (constant 2017 international $)",NY.GDP.PCAP.PP.KD,Jordan,JOR,8866.47766072137,9140.06707262594,9463.03655731206,9636.58920516317,10204.4128202409,10751.7712725864,10862.4617950814,11028.312191709,11540.4038032302,11856.2888502894,11866.8808933642,11885.23872575,12001.9902895875,11542.2925451933,10605.349315358,9912.71319005809,9629.10299712751,9633.10079993899,9584.50713792695,9534.66088599404,9231.03588467005
"GDP per capita, PPP (constant 2017 international $)",NY.GDP.PCAP.PP.KD,Kazakhstan,KAZ,10275.7618709204,11682.8417910853,12827.2310824086,13973.077738007,15208.4402481065,16536.0154066294,18112.7787005291,19500.4789408442,19770.2166474268,19614.7353198062,20751.2572397893,21970.0839239209,22702.5788396469,23720.8160699559,24355.7561183744,24290.4176335972,24862.9661245889,24210.8629611184,25544.3447546416,26351.804440374,25361.5079905963
"GDP per capita, PPP (constant 2017 international $)",NY.GDP.PCAP.PP.KD,Kenya,KEN,3303.32644478253,3325.9119021003,3244.17633427425,3241.67466546986,3306.78995368234,3399.40399436984,3513.34826922701,3644.33491298608,3545.5935023918,3555.98825879606,3735.79292552312,3824.19746656761,3899.16707145766,3950.88143214613,4055.11318821563,4163.92474700255,4312.90891724989,4244.85762585861,4464.8132109268,4601.21137258037,4497.36297502329
"GDP per capita, PPP (constant 2017 international $)",NY.GDP.PCAP.PP.KD,Kiribati,KIR,2063.59177195102,1994.95206764834,2028.62935968418,2027.59342460983,1954.71689786676,2010.96365589477,1971.43296326028,1973.78396773478,1895.92265233151,1874.54191431086,1819.2328852702,1819.68812751361,1883.20608349029,1932.2688313844,1883.2632005579,2038.52177595146,1970.82588122744,1997.85748525742,2039.4298399491,1963.53488352412,1897.06192179014
"GDP per capita, PPP (constant 2017 international $)",NY.GDP.PCAP.PP.KD,"Korea, Dem. People's Rep.",PRK,..,..,..,..,..,..,..,..,..,..,..,..,..,..,..,..,..,..,..,..,..
"GDP per capita, PPP (constant 2017 international $)",NY.GDP.PCAP.PP.KD,"Korea, Rep.",KOR,22963.6377796558,23893.8962164659,25591.3981965335,26260.3675377452,27515.9508546175,28640.7052842723,29990.5210041835,31569.9301497466,32275.1241778749,32363.9675830995,34394.4893460206,35388.9757363635,36049.1922893285,37021.1329337744,37967.4743562192,38828.7397072136,40957.4166975738,39814.6576047656,41965.8891404357,42758.58894761,42396.760535225
"GDP per capita, PPP (constant 2017 international $)",NY.GDP.PCAP.PP.KD,Kosovo,XKX,..,..,..,..,..,..,..,..,7032.4683604624,7327.45386282563,7627.90862343628,8040.6062249486,8105.3875279689,8486.56993127274,8796.63413005252,9445.10693320611,10436.1688459323,10031.0474302483,10755.1675374977,11318.4590072955,10706.5109249521
"GDP per capita, PPP (constant 2017 international $)",NY.GDP.PCAP.PP.KD,Kuwait,KWT,58117.1805811331,56580.9893685604,56701.059407411,64811.1819556851,69723.6172928187,74294.3466647971,75551.1109158149,75498.23035699,73162.9004434464,64468.7934378498,59780.0298541407,61356.9355962874,60588.1559593001,57051.7438025121,55583.5616687852,53808.1257614845,50007.2995366017,53476.1210376804,48943.0062163049,47314.7968373973,43922.6302095626
"GDP per capita, PPP (constant 2017 international $)",NY.GDP.PCAP.PP.KD,Kyrgyz Republic,KGZ,3078.90925165177,3212.13354709558,3182.23289483477,3370.43019920369,3563.8753630917,3517.72050884889,3588.08991816079,3857.65390900444,4142.21145402699,4210.62634731704,4141.07720559948,4334.66078892569,4259.31820386992,4631.40326661447,4722.086002287,4805.14109238388,5046.69153549094,4912.38248430884,5133.15191442989,5258.36669631141,4790.65880523608
"GDP per capita, PPP (constant 2017 international $)",NY.GDP.PCAP.PP.KD,Lao PDR,LAO,2804.81827704053,2918.38732162811,3043.48284373183,3181.05497616036,3336.89978256375,3522.28790030716,3765.64866790219,3988.16972138903,4234.0018904287,4482.89976175564,4793.22398456913,5103.54895950183,5434.83468573562,5789.2754003175,6145.49721849912,6499.072931782,7211.25908924885,6850.58090679719,7546.33425365984,7840.07138309428,7763.94888128767
"GDP per capita, PPP (constant 2017 international $)",NY.GDP.PCAP.PP.KD,Latvia,LVA,12989.9252312509,13990.8727185721,15157.6520818567,16593.9519250726,18165.786896388,20331.7419928364,22975.6101734058,25466.8354797558,24899.6977720083,21704.3685792205,21173.4454997404,22117.4523273637,23970.5019815787,24715.1167163265,25423.5415769656,26628.4096372389,28673.6225736307,27509.3931011999,30051.0787212025,30438.5160700035,29575.6289427147
"GDP per capita, PPP (constant 2017 international $)",NY.GDP.PCAP.PP.KD,Lebanon,LBN,12696.7009419247,12978.2787885101,13249.0799331613,13500.1240834513,14181.5228096201,14348.3578532639,14333.536859273,15375.7227308551,16502.5193585869,17957.6951232146,19216.4905429586,19193.9207135856,19179.5175336176,18158.5628660061,16843.4124293704,16591.7975151413,17808.0768860143,17227.5034804163,17937.5684670156,17185.0470183907,13791.2702995609
"GDP per capita, PPP (constant 2017 international $)",NY.GDP.PCAP.PP.KD,Lesotho,LSO,1713.70503742173,1773.99180074295,1788.56706415284,1874.34797299099,1913.40950095056,1987.69990297478,2072.45644409377,2151.97168967828,2257.68841342431,2213.67602064765,2314.68676457235,2403.7997173888,2534.85949005981,2556.38362880107,2573.6756722684,2624.91513272239,2571.0740273731,2687.48643771282,2501.42995489828,2435.28632002517,2225.25293352001
"GDP per capita, PPP (constant 2017 international $)",NY.GDP.PCAP.PP.KD,Liberia,LBR,1725.14489392022,1724.05975028423,1742.78914226299,1207.72603202828,1224.57174990412,1232.45685670626,1258.7298462622,1311.44526775915,1349.02823170644,1376.45310208172,1418.67581852205,1475.83926884669,1538.40722095826,1635.95824966995,1613.86547979499,1581.0551130224,1533.41123787771,1525.45801338777,1521.73347067984,1455.63764867217,1383.82809910001
"GDP per capita, PPP (constant 2017 international $)",NY.GDP.PCAP.PP.KD,Libya,LBY,27130.4683406994,26040.312966882,25173.1548302708,27744.8808475887,28244.2618645924,30782.9314688046,32040.9534684844,33345.9491385308,32590.6591746565,30510.8605760237,31394.1617457376,16356.3626621348,32214.9063251032,25907.7568905042,19569.9004889534,19108.9438269268,24212.9109270915,18554.4806031278,25734.168628333,22535.4456198617,15621.0000330719
"GDP per capita, PPP (constant 2017 international $)",NY.GDP.PCAP.PP.KD,Liechtenstein,LIE,..,..,..,..,..,..,..,..,..,..,..,..,..,..,..,..,..,..,..,..,..
"GDP per capita, PPP (constant 2017 international $)",NY.GDP.PCAP.PP.KD,Lithuania,LTU,13846.7145649213,14872.412687448,16004.4750500481,17839.8230335727,19226.5126933862,21053.2321591013,22978.0485492937,25835.4263718426,26784.94053518,23065.1140568017,23942.8144379231,25968.6420804861,27330.9576825692,28589.0912361729,29855.8989284624,30748.2657640288,33761.9475000677,31925.8755342502,35446.7881488431,37198.9583343954,37179.8495700523
"GDP per capita, PPP (constant 2017 international $)",NY.GDP.PCAP.PP.KD,Luxembourg,LUX,99301.5269991515,101143.147977096,103317.331098088,104743.000088458,107634.837198018,108632.360015806,113346.03578151,120647.822958963,118154.667184464,112230.081410148,114343.988089326,112998.390476598,112137.135491328,113050.663254336,113313.578897944,113182.728563365,114985.842235989,116283.699681286,114164.468558094,115209.605275898,112274.817881541
"GDP per capita, PPP (constant 2017 international $)",NY.GDP.PCAP.PP.KD,"Macao SAR, China",MAC,50539.6264962747,51143.7404415042,54394.9736404664,59037.4244833709,72716.1541043429,76483.1193425945,84435.6949883285,94133.2585714944,94803.8183012361,93539.6587435248,114041.111773066,135363.877811151,144889.751407319,157600.647352816,151614.756026489,116854.269409712,122838.382786163,113940.479693343,128220.334372348,122549.742103772,54916.1556449618
"GDP per capita, PPP (constant 2017 international $)",NY.GDP.PCAP.PP.KD,Madagascar,MDG,1569.62133812066,1614.38573269559,1372.80852628654,1463.56792177065,1496.0700707147,1522.06966744873,1557.96706207646,1599.43622513441,1657.82358859922,1546.37068100946,1511.98672971442,1493.44248157403,1497.00952175618,1491.07410968841,1500.91059468336,1508.37443974838,1548.15642479839,1528.56170911826,1557.32254582361,1585.4716511334,1436.2069505149
"GDP per capita, PPP (constant 2017 international $)",NY.GDP.PCAP.PP.KD,Malawi,MWI,1116.49215433125,1036.08782236776,1028.15747052277,1059.53592386583,1087.86548671792,1093.10085724546,1112.83724261671,1185.58366380061,1239.962115625,1304.75865250404,1354.70541723224,1381.38963771659,1368.32323620219,1402.43370484251,1440.583747328,1440.61836501729,1454.77749244971,1437.04211363826,1478.42483565789,1517.70316939192,1489.6013808411
"GDP per capita, PPP (constant 2017 international $)",NY.GDP.PCAP.PP.KD,Malaysia,MYS,16089.85929583,15762.7755217835,16199.7312569854,16723.9230746506,17439.76214946,17951.3899009592,18535.0517667065,19278.4214258671,19792.2657783125,19110.7502184574,20171.8781639973,20900.3196619597,21690.4540176525,22350.9054380794,23328.3409217006,24151.2561811625,25935.1395225396,24859.7966188477,26835.8064127879,27674.3974895709,25852.1897023247
"GDP per capita, PPP (constant 2017 international $)",NY.GDP.PCAP.PP.KD,Maldives,MDV,13564.3468623803,12810.9798205825,13508.9301524208,15110.9161955768,15730.0246012318,13742.516089688,16587.655898852,17183.1070187518,18072.5890943566,16020.2930206119,16521.8623000253,17321.9105150219,17132.0285821526,17721.8514476649,18370.4099817435,18273.7314354566,19221.9669983717,18674.3026447164,20149.6026713248,20988.09175434,13809.3534044054
"GDP per capita, PPP (constant 2017 international $)",NY.GDP.PCAP.PP.KD,Mali,MLI,1585.3480784408,1774.68236498843,1773.34508393947,1873.98891491984,1842.05637945161,1898.62368658673,1922.5261794969,1925.06343823198,1951.77377416132,1980.05922117041,2018.60145470082,2017.14415640244,1942.73950045765,1930.13495066071,2002.37292847122,2060.09854883386,2153.84563800797,2112.18707547063,2185.5755906423,2219.04674252443,2123.82820216377
"GDP per capita, PPP (constant 2017 international $)",NY.GDP.PCAP.PP.KD,Malta,MLT,27522.634037847,26995.7959909326,27482.6586018582,28414.811308036,28264.1990379726,29034.874556232,29655.448538777,30963.2345843509,31939.5054603789,31340.1831175201,32915.4970731439,32929.4108862276,33978.4323084366,35338.5226164368,37284.147116227,39902.7665432067,43493.4262600589,40318.6793179866,45115.7642305345,46438.3447211367,41753.5274072514
"GDP per capita, PPP (constant 2017 international $)",NY.GDP.PCAP.PP.KD,Marshall Islands,MHL,3148.64499968025,3351.89103397274,3472.004338584,3416.0891123173,3467.25571879235,3535.50053871506,3551.69700297737,3684.58801842077,3416.89163699287,3557.99923437433,3764.22707408481,3787.72026458887,3793.13880235147,3995.21716139804,4022.04521515335,4190.38834844977,4649.23115007632,4375.98089329775,5040.30597503855,5719.19018078585,5724.7297212994
"GDP per capita, PPP (constant 2017 international $)",NY.GDP.PCAP.PP.KD,Mauritania,MRT,4170.89986565741,4037.44912238077,4006.36255972405,4192.37708908512,4296.54265067361,4562.72969424919,5278.54515276725,5055.98574108922,4914.83220817026,4787.44990841816,4773.75055461581,4825.08600955074,4885.69017212168,4943.2308115059,5020.13474266656,5151.89775539302,5259.06290234387,5080.80707659282,5367.21423589194,5392.93253994322,5236.41023285221
"GDP per capita, PPP (constant 2017 international $)",NY.GDP.PCAP.PP.KD,Mauritius,MUS,12254.295405948,12564.8514623202,12679.431626541,13333.9021017293,13824.2975935308,13986.9679771055,14599.2596439159,15365.2093580967,16134.4745655397,16625.1401462878,17311.6252417235,17988.6831197124,18566.0298106826,19143.5086331414,19840.1772991114,20545.1696211622,22143.8265496345,21324.0638555461,23018.5155565853,23676.4135788934,20231.8515927971
"GDP per capita, PPP (constant 2017 international $)",NY.GDP.PCAP.PP.KD,Mexico,MEX,19407.0334899145,19023.9268316634,18692.5352274513,18634.8964558406,19017.7538141902,19144.014627364,19792.7587802791,19939.8350559537,19874.4152305522,18394.3672604033,19054.3576558091,19431.2011214269,19842.564109086,19749.7857197622,19994.5013552979,20296.5672169242,20582.2523679391,20423.5593353977,20789.3610427692,20553.9544541494,18639.6613477888
"GDP per capita, PPP (constant 2017 international $)",NY.GDP.PCAP.PP.KD,"Micronesia, Fed. Sts.",FSM,3301.44399221148,3365.80507514816,3382.88634218891,3441.81622246098,3346.78885222303,3430.45603734712,3447.53281265201,3407.989652172,3351.24196882471,3414.1311180889,3500.35575528881,3601.95694339402,3523.44765295823,3382.01253824188,3291.45411539635,3429.80219963929,3522.34936744575,3446.10036657234,3513.92616981209,3540.84378746852,3420.51603737521
"GDP per capita, PPP (constant 2017 international $)",NY.GDP.PCAP.PP.KD,Moldova,MDA,5004.66737948294,5321.83981088002,5750.24431006493,6147.04631775485,6618.28423968436,7131.98793371823,7495.12508222457,7737.88819890119,8357.3364782502,7865.82165335368,8432.7094228863,8928.50088619416,8877.01014404993,9682.42798336207,10172.713778775,10216.3708841051,11464.0181535546,10816.0898117339,12142.7301220455,12776.9218268725,11848.8995265762
"GDP per capita, PPP (constant 2017 international $)",NY.GDP.PCAP.PP.KD,Monaco,MCO,..,..,..,..,..,..,..,..,..,..,..,..,..,..,..,..,..,..,..,..,..
"GDP per capita, PPP (constant 2017 international $)",NY.GDP.PCAP.PP.KD,Mongolia,MNG,4424.65282877556,4515.46557093041,4687.44465137264,4972.25762526747,5453.99336418929,5800.90934894511,6243.60885650292,6818.99359500037,7346.27875213771,7163.80183931651,7518.83111818277,8685.77986212855,9586.71492387119,10504.8147047563,11107.988979424,11134.8018555112,11431.4980165191,11058.9504802077,12052.2938125194,12458.018426132,11666.7797012439
"GDP per capita, PPP (constant 2017 international $)",NY.GDP.PCAP.PP.KD,Montenegro,MNE,12418.9932430672,12505.1645887966,12692.2885106221,12955.5790946256,13505.0452116501,14048.8400161595,15233.3755499704,16248.3351583277,17391.0199387334,16348.0843884108,16764.3480037055,17287.4082273473,16802.3906708451,17381.7313525744,17674.6124620826,18263.5985219562,19682.2745280535,18797.8924276022,20686.5713243978,21533.9423012786,18258.9581594492
"GDP per capita, PPP (constant 2017 international $)",NY.GDP.PCAP.PP.KD,Morocco,MAR,4771.34716796875,5071.32177734375,5192.01220703125,5443.77490234375,5620.28857421875,5721.88916015625,6085.4814453125,6212.34228515625,6479.97705078125,6635.10205078125,6775.94580078125,7052.72705078125,7168.67431640625,7362.20263671875,7462.15283203125,7687.69091796875,7921.619140625,7632.185546875,8072.08642578125,8217.5986328125,7546.71630859375
"GDP per capita, PPP (constant 2017 international $)",NY.GDP.PCAP.PP.KD,Mozambique,MOZ,621.249317565767,683.690288540754,730.77311193353,763.434456639415,804.778587935066,833.703344507332,893.134927320672,936.852058195779,975.38965557453,1006.00026825589,1043.56747259462,1085.70449067559,1137.68229306376,1175.75542094687,1228.04657905989,1279.30920953577,1291.67147896237,1298.13534161197,1297.8695484004,1290.16741374767,1237.94604412225
"GDP per capita, PPP (constant 2017 international $)",NY.GDP.PCAP.PP.KD,Myanmar,MMR,1082.76417287036,1193.10871984953,1323.20300505373,1492.13165478404,1679.70918039473,1892.1980053768,2123.43680468166,2360.52486838779,2587.44428254971,2843.70934670943,3094.00425337338,3240.52920071845,3448.80333280301,3707.64135571527,3970.66760496497,4214.37299878288,4670.08072918311,4433.66383667532,4927.25264545659,5214.3733068354,4708.55975221752
"GDP per capita, PPP (constant 2017 international $)",NY.GDP.PCAP.PP.KD,Namibia,NAM,6713.0025553474,6655.75025062578,6855.83881241146,7046.14751020338,7812.86143678434,7914.73283957116,8373.48263182359,8714.10345619566,8826.27360079898,8726.68185188178,9115.50651154582,9431.04419803693,9747.81971959011,10122.154477149,10554.5647546532,10813.2266317649,10335.2674258223,10627.6351164612,10266.1705545981,10009.578071046,9041.76986388145
"GDP per capita, PPP (constant 2017 international $)",NY.GDP.PCAP.PP.KD,Nauru,NRU,..,..,..,..,5342.33055126122,4931.43593267882,4522.25817558533,4217.81464293823,6975.70046367542,6559.33446257428,6448.49741060897,7053.84687570781,9121.93282898344,9313.62415932371,10489.6163426393,9679.10213210703,9359.98672496946,10223.1020316015,9896.36242107536,10529.8131940478,10812.8892844149
"GDP per capita, PPP (constant 2017 international $)",NY.GDP.PCAP.PP.KD,Nepal,NPL,2020.85543794972,2084.19999909209,2055.72271593893,2107.64096533508,2179.09301495084,2230.78916042593,2285.51221345384,2346.25922287174,2473.9417433954,2572.17507962571,2682.69869756172,2763.8283230007,2886.09752229941,2982.28699964277,3152.29326135895,3260.03499791081,3495.52880047287,3244.67429968519,3719.30777529558,3922.08133121317,3761.80278738364
"GDP per capita, PPP (constant 2017 international $)",NY.GDP.PCAP.PP.KD,Netherlands,NLD,47422.2034047837,48160.7843668965,47958.3319661157,47806.8844286609,48586.7046242077,49467.4354267059,51097.3626113331,52909.9697572206,53848.2522316971,51607.6057272318,52032.9865022429,52594.2290064164,51860.0559942119,51640.0766862304,52186.9973861206,52974.1162200949,55088.6338006744,53847.8265545448,56060.9136269404,56784.0372529824,54275.0030465677
"GDP per capita, PPP (constant 2017 international $)",NY.GDP.PCAP.PP.KD,New Caledonia,NCL,..,..,..,..,..,..,..,..,..,..,..,..,..,..,..,..,..,..,..,..,..
"GDP per capita, PPP (constant 2017 international $)",NY.GDP.PCAP.PP.KD,New Zealand,NZL,32728.2731574245,33645.7407641658,34625.0360749454,35553.6312985402,36461.4598789337,37261.151036833,37839.8064216274,38637.6954505773,37847.3266746381,37428.848706956,37557.9655079861,38100.7250000863,38753.7270530926,39520.4131279409,40350.6452893998,41014.6870825625,42204.7457412663,41628.3999132424,42916.8698156619,43272.5669090792,42052.1409677726
"GDP per capita, PPP (constant 2017 international $)",NY.GDP.PCAP.PP.KD,Nicaragua,NIC,3927.09250213905,3989.21839113471,3968.66795913036,4019.74597286503,4183.64058639071,4308.04855998446,4426.00638689259,4586.30691501127,4676.9421980053,4457.93278261855,4586.90959001588,4805.43952456368,5042.8768625558,5214.56920452873,5385.50726342835,5563.04741059562,5915.38972207813,5734.36752893924,5636.7151123345,5398.1074449382,5230.57404857125
"GDP per capita, PPP (constant 2017 international $)",NY.GDP.PCAP.PP.KD,Niger,NER,909.28258764692,942.232490715232,954.840102049082,941.969753092274,912.431258216893,944.812434891162,965.320714134055,960.056217412129,996.986703407997,979.616949907899,1024.69957875832,1010.2887544961,1075.10528832455,1089.83188844416,1119.09485310033,1124.3675180109,1155.9738499994,1143.81740675996,1193.27276197444,1217.43553021521,1214.54097579798
"GDP per capita, PPP (constant 2017 international $)",NY.GDP.PCAP.PP.KD,Nigeria,NGA,2963.27409787058,3056.51128550042,3431.73286157823,3585.99460318292,3813.52742131499,3951.18281863855,4079.13565394082,4231.76415691457,4396.80055468207,4622.3635404427,4857.26627091024,4975.63820143437,5045.47172038074,5238.83267224637,5424.92451133366,5429.09962094365,5120.00559788163,5209.07415521709,5089.77763414445,5076.36829032891,4865.08683226646
"GDP per capita, PPP (constant 2017 international $)",NY.GDP.PCAP.PP.KD,North Macedonia,MKD,10224.682154893,9869.50908642896,10089.9402884277,10280.5308022601,10730.4981777507,11213.6324514406,11770.1883243501,12511.7025540403,13174.8165722922,13103.4164964651,13514.9709238593,13807.4543796362,13727.7620163517,14108.8800680202,14596.5885534152,15139.2395915221,15706.4316922223,15553.4269657557,16145.5230712521,16773.0272446978,15779.6789460665
"GDP per capita, PPP (constant 2017 international $)",NY.GDP.PCAP.PP.KD,Northern Mariana Islands,MNP,..,..,..,..,..,..,..,..,..,..,..,..,..,..,..,..,..,..,..,..,..
"GDP per capita, PPP (constant 2017 international $)",NY.GDP.PCAP.PP.KD,Norway,NOR,57473.1845480461,58365.1267522976,58850.9047896992,59059.5709499163,61068.6276333733,62282.7565069707,63303.9259508719,64477.9879829163,63986.2479239971,61958.3597402261,61672.9601694756,61551.2140746977,62399.1687747757,62275.6912889095,62838.5157269158,63371.8884980765,64589.5559196863,63547.6870499471,64696.4711118363,64983.3542076922,63776.1609653442
"GDP per capita, PPP (constant 2017 international $)",NY.GDP.PCAP.PP.KD,Oman,OMN,37392.2460084027,38568.3171126044,37683.4196290656,36256.346383465,36170.6752465376,36388.4441872345,37662.5172708994,38659.353306432,41114.2391363025,42875.1133681902,40819.9384818357,37745.452145028,37270.5865196308,36330.4785575811,35032.2568523309,35188.0237597531,34218.3881261022,35229.9541897252,34212.1067685769,33814.1116228719,33098.2098998097
"GDP per capita, PPP (constant 2017 international $)",NY.GDP.PCAP.PP.KD,Pakistan,PAK,3338.51085251917,3355.05023082977,3356.82427396609,3461.5150758948,3650.09157080416,3832.07892059676,3979.58785937725,4068.40762018015,4065.12912621928,4113.56505467607,4082.3377518291,4104.19558951239,4153.10639041959,4268.35992118908,4381.87808473093,4507.87568489917,4891.71977393238,4746.71755767312,5113.43429232337,5157.546571801,5004.35224191866
"GDP per capita, PPP (constant 2017 international $)",NY.GDP.PCAP.PP.KD,Palau,PLW,13301.2542482505,14085.0377635173,14572.2929432385,14076.1795218742,14739.704348463,15382.1016049157,15485.2475456717,16004.6164729036,15287.6470516491,14489.4736256911,14744.7835910711,15988.9975486912,16522.7497335923,16089.4865420585,17110.7863350917,18402.847535702,17594.9938541658,18364.7987688959,17816.0911403876,17799.6053152546,16404.5480804191
"GDP per capita, PPP (constant 2017 international $)",NY.GDP.PCAP.PP.KD,Panama,PAN,15179.4426784821,14970.8950128754,15010.5591173004,15343.8096134243,16184.1141191405,17019.6832333277,18148.0766332907,19949.5937077501,21516.5892645171,21391.9332622508,22237.1000267414,24316.3560205618,26223.5836393204,27544.7945695083,28439.9536045607,29551.3667651444,31638.1519360222,30481.771677071,32259.2207946998,32788.3325077056,26606.2949697901
"GDP per capita, PPP (constant 2017 international $)",NY.GDP.PCAP.PP.KD,Papua New Guinea,PNG,3047.96967150718,2942.66759231331,2841.21179496469,2808.15726699255,2791.89701067786,2875.08341113258,2936.02198740022,3068.12723098705,2966.06818266787,3072.68187850907,3283.77196855774,3225.14338162082,3282.86592068283,3317.87347597091,3669.97675021244,3813.18039046869,3967.01619620096,3924.42394556755,3865.01151687433,3947.93392384711,3741.66157790096
"GDP per capita, PPP (constant 2017 international $)",NY.GDP.PCAP.PP.KD,Paraguay,PRY,8862.14369215816,8640.30283866053,8515.94666738008,8773.13852976157,9022.79829014608,9113.41175116844,9451.76055686211,9865.32641690404,10403.8405428603,10272.1771773849,11281.2557333508,11613.1685799089,11376.4073007467,12150.9715219326,12616.4142339973,12806.0966786058,13604.1747171995,13163.7401933187,13848.4991149602,13609.72300919,13317.3211184333
"GDP per capita, PPP (constant 2017 international $)",NY.GDP.PCAP.PP.KD,Peru,PER,6375.61631586323,6329.41288016819,6596.55019217202,6799.44966546457,7067.35560851936,7443.93111806358,7938.43495182095,8548.60402724919,9262.15113614585,9298.07800349067,9996.93732259223,10539.981964216,11084.8739365499,11620.6444470691,11773.9441346308,12015.1871556329,12442.7464624852,12321.3181539792,12696.2362890388,12735.16827797,11187.3437896037
"GDP per capita, PPP (constant 2017 international $)",NY.GDP.PCAP.PP.KD,Philippines,PHL,4455.67246341793,4495.36104912174,4567.23446758574,4703.66642129814,4914.03623497676,5058.04748647701,5227.5329972797,5465.15182354314,5596.91304501798,5574.45260870859,5876.47814056568,5995.43098154046,6298.16008552748,6610.85122177029,6917.74914971359,7235.08140124724,8001.75647996477,7616.04976933678,8365.73245041117,8731.86086865071,7773.26023051814
"GDP per capita, PPP (constant 2017 international $)",NY.GDP.PCAP.PP.KD,Poland,POL,16177.8676699697,16385.9971738588,16727.3397661722,17324.2161873998,18198.100044371,18844.5574819997,20012.6211116462,21437.4577379953,22334.7808599997,22951.7848210238,23692.9092287668,24874.1718607858,25258.5933172132,25490.3289111664,26488.2002530072,27667.6890834735,29958.1207092074,28497.1036117662,31739.2569617723,33159.749027584,32546.8259419319
"GDP per capita, PPP (constant 2017 international $)",NY.GDP.PCAP.PP.KD,Portugal,PRT,30383.1378175177,30756.0189546063,30823.8490440796,30422.6020285721,30892.8198811263,31076.6441205289,31524.7495680309,32251.5690977426,32307.912767932,31269.4104613004,31798.1538079411,31304.8155263075,30156.7015822628,30042.8907185982,30444.6002091947,31118.7906703279,33044.7167387479,31847.5377347647,34040.7253873665,34945.6615139469,32011.3249844991
"GDP per capita, PPP (constant 2017 international $)",NY.GDP.PCAP.PP.KD,Puerto Rico,PRI,30124.6931208743,31958.0967518315,32209.422980776,32206.464885645,35016.9383261688,34370.7146069867,34030.0905171965,33831.9341719,33403.4244916964,32930.3615601641,32960.6911054053,33224.5655187763,33638.8656808876,33922.1584216571,34070.2535892048,34311.0296279548,34363.7459921451,34539.5868383201,34223.0927593609,34792.6467473505,32437.9651479134
"GDP per capita, PPP (constant 2017 international $)",NY.GDP.PCAP.PP.KD,Qatar,QAT,79400.4334133216,78498.1345452327,80083.0610521191,79140.6293267828,90782.7215779787,89448.0473272313,94361.6265066901,91736.7519577885,92067.8120274567,92450.2493790439,103902.519309744,111879.747777129,110931.506472375,109625.62960096,106141.326188823,101971.989607973,92177.595943793,97783.1205191058,91461.6164451973,90762.3954644207,89019.069857331
"GDP per capita, PPP (constant 2017 international $)",NY.GDP.PCAP.PP.KD,Romania,ROU,12176.5476984116,12991.9713616047,13986.6197259858,14417.6822888206,16012.1500962925,16863.4370348627,18325.6109978174,19943.6979862495,22166.265352521,21118.4698459807,20415.4887040122,21442.8854298096,21953.1729968099,22094.3278381246,23091.0950681117,23933.1242187247,26943.2773708443,24758.6483281469,28736.0199480618,30000.8994778846,29057.2087160464
"GDP per capita, PPP (constant 2017 international $)",NY.GDP.PCAP.PP.KD,Russian Federation,RUS,14569.9375,15378.0908203125,16175.09765625,17434.80859375,18765.51953125,20042.814453125,21757.466796875,23647.267578125,24887.853515625,22939.6953125,23961.220703125,24972.080078125,25933.29296875,26332.3984375,26057.15625,25488.09765625,25926.4453125,25490.708984375,26656.41015625,27254.57421875,26586.556640625
"GDP per capita, PPP (constant 2017 international $)",NY.GDP.PCAP.PP.KD,Rwanda,RWA,849.141160425941,908.423169352085,1010.04122970204,1008.70959764653,1056.23795753469,1125.28374720715,1196.79362422247,1253.91265101642,1356.98388219775,1404.19902647602,1468.40579833601,1545.11439956364,1637.84762599157,1674.8247740322,1736.33734831032,1845.55827984223,1934.97295529462,1908.55199687062,2049.62357436125,2190.56192603963,2066.47167180201
"GDP per capita, PPP (constant 2017 international $)",NY.GDP.PCAP.PP.KD,Samoa,WSM,4174.36778762935,4446.08370897742,4669.68815061179,4891.87027267791,5025.92209416715,5343.89039995236,5436.12777147124,5431.02917613736,5585.77577561121,5515.57284193241,5808.40459073663,5980.39511614827,5705.67814899205,5659.94955903326,5645.96344582487,5811.10573385041,6238.90402095554,6214.82269512289,6139.62915303537,6346.25634091549,6062.47173545304
"GDP per capita, PPP (constant 2017 international $)",NY.GDP.PCAP.PP.KD,San Marino,SMR,75881.8484352914,78614.2026920635,77070.9742298642,78286.9016408165,80463.8951106306,81256.1442814642,83098.2496281838,87795.6645354232,86422.5481425032,76607.0856893906,71156.0979910233,63458.8155460802,57854.3183277935,57136.9045404701,56558.8718540393,57542.9840800847,58201.5271020427,58432.5023664003,58898.0580782,60076.01134395,56364.2141621563
"GDP per capita, PPP (constant 2017 international $)",NY.GDP.PCAP.PP.KD,Sao Tome and Principe,STP,..,2401.26818306162,2422.6067637448,2556.57781704206,2580.97608972609,2683.90966873736,2850.55135864306,2882.68841921129,2989.05187527184,3016.27520129323,2992.5949539882,2988.34450124196,3013.44295259512,3105.05671814942,3195.71199576992,3186.39843860487,3373.26419416802,3293.90047270001,3465.83975895879,3482.02467735802,3507.36132720776
"GDP per capita, PPP (constant 2017 international $)",NY.GDP.PCAP.PP.KD,Saudi Arabia,SAU,40406.3315838086,38943.7832426283,36946.7492470504,40163.9611677465,42424.0478900971,43437.8679089732,42916.0537050893,42024.6646472373,42963.0496216866,40532.4503030721,41231.5677493384,44642.7561134109,46041.665280174,46359.8433568663,47261.6822796951,48535.1582703323,47551.8595195922,48691.2685573417,47714.1125767155,47024.5443161916,44770.9082797609
"GDP per capita, PPP (constant 2017 international $)",NY.GDP.PCAP.PP.KD,Senegal,SEN,2620.09797566546,2668.76591246208,2606.87731343125,2685.81519927389,2741.12407815349,2787.5268917212,2779.22378117152,2783.53719702304,2811.47580158756,2812.54907305386,2830.15324428657,2790.89741029975,2824.53285287336,2815.2815250404,2910.2888637189,3012.38337402177,3259.19257987366,3118.02432087558,3368.8585959073,3430.48388209507,3384.4417824765
"GDP per capita, PPP (constant 2017 international $)",NY.GDP.PCAP.PP.KD,Serbia,SRB,8900.59437310991,9529.21730361377,10146.565433991,10614.3287812873,11599.6450074187,12277.9771526346,12955.9538400354,13846.2830753584,14691.7810139844,14347.8569688179,14510.9640292989,14923.8023500113,14894.1966751502,15399.7836844766,15226.3209326742,15578.2036287113,16611.0176891945,16182.8224938722,17452.7967713611,18306.7785676186,18262.6731519321
"GDP per capita, PPP (constant 2017 international $)",NY.GDP.PCAP.PP.KD,Seychelles,SYC,20713.0392116226,20224.9129673827,19853.8248577349,18897.6292471757,18427.0767193186,19993.7278413985,21423.9482029854,23206.7750898469,22074.9513747965,21443.2933612285,21792.255113544,24500.2887981017,25015.8062997173,24865.9282727695,25477.0364191138,25960.3287742903,27336.608367394,26923.0076901541,28080.6350572019,29189.7860191087,26704.9262426338
"GDP per capita, PPP (constant 2017 international $)",NY.GDP.PCAP.PP.KD,Sierra Leone,SLE,1044.63632715649,923.354032036287,1103.94045096243,1161.02108011562,1195.4856034717,1214.60393501322,1239.0607530616,1308.74821936554,1345.52326701373,1351.21931238401,1401.31576047645,1446.06278661149,1622.6504097939,1914.96525854785,1952.97032574453,1515.83082916314,1593.51532239987,1573.50118250548,1610.32322824483,1655.84325026579,1586.35494299166
"GDP per capita, PPP (constant 2017 international $)",NY.GDP.PCAP.PP.KD,Singapore,SGP,55959.0326072482,53886.4969694795,55491.8994487127,58877.6131395405,63924.7230086548,67039.1951352715,70825.7990179375,74064.6530833294,71534.9802680891,69498.5425159212,78191.7826833606,81337.7365186022,82886.7829947222,85484.4374910475,87702.5219844359,89248.1251799534,95334.1455686864,91270.6421024648,98280.0423725144,98455.3282334375,94910.1014313726
"GDP per capita, PPP (constant 2017 international $)",NY.GDP.PCAP.PP.KD,Sint Maarten (Dutch part),SXM,..,..,..,..,..,..,..,..,..,48472.2473916653,50290.6881834652,53581.0950569001,52436.3548823248,50267.1805229214,49600.950509286,48195.4836716463,43055.5434793198,47269.0911484818,39788.4465797282,43394.6681007067,36991.7760064528
"GDP per capita, PPP (constant 2017 international $)",NY.GDP.PCAP.PP.KD,Slovak Republic,SVK,15666.5440031791,16205.9312219983,16942.886689623,17886.3593018151,18834.3934902202,20079.9124841553,21784.3334670275,24136.9749339205,25460.7405547578,24039.6655175994,25630.4251122435,26281.2218831945,26582.5415168056,26722.0095186339,27416.1338187893,28805.3873539017,30142.3674521189,29327.5158296018,31313.8200827531,32056.7791417731,30960.9591865974
"GDP per capita, PPP (constant 2017 international $)",NY.GDP.PCAP.PP.KD,Slovenia,SVN,26276.9445587635,27079.4748981347,27994.0619768923,28805.3851190536,30041.8145706637,31128.8298416043,32812.7384858502,34907.3688265664,36075.4669688206,33052.2275423946,33350.6135931956,33568.067345579,32613.4905292711,32234.0257587339,33093.750438441,33799.725526308,36507.5530416531,34853.0421239497,37995.7163789561,39061.2494086051,37155.0245366571
"GDP per capita, PPP (constant 2017 international $)",NY.GDP.PCAP.PP.KD,Solomon Islands,SLB,2125.80735514859,1910.38273701737,1814.19403964642,1888.73067305997,1988.28495191967,2087.23722228324,2125.40343620674,2153.91897397756,2237.55191771618,2250.04738916659,2411.11275136777,2527.91470235198,2526.19058396301,2591.84751098239,2556.7714407376,2534.76966046808,2625.13452999906,2609.78996011525,2633.33412150298,2616.9084045149,2469.17421492847
"GDP per capita, PPP (constant 2017 international $)",NY.GDP.PCAP.PP.KD,Somalia,SOM,..,..,..,..,..,..,..,..,..,..,..,..,..,1308.1308783432,1358.31432648674,1444.09003241508,1558.29442450628,1479.98752418738,1547.99734318239,1546.90552140722,1456.6558710051
"GDP per capita, PPP (constant 2017 international $)",NY.GDP.PCAP.PP.KD,South Africa,ZAF,10598.8606692111,10789.0511568288,11086.9236951498,11308.883210532,11713.8803526014,12216.027640682,12776.8779423633,13325.9828253027,13596.2876856155,13228.8947859859,13469.3611288778,13721.6851258725,13864.9709646367,14017.411014966,13993.2701443039,13887.2112158037,13950.4534761192,13844.2759627887,13995.0628999187,13850.8951466656,12866.5689860294
"GDP per capita, PPP (constant 2017 international $)",NY.GDP.PCAP.PP.KD,South Sudan,SSD,..,..,..,..,..,..,..,..,..,..,..,..,..,..,..,..,..,..,..,..,..
"GDP per capita, PPP (constant 2017 international $)",NY.GDP.PCAP.PP.KD,Spain,ESP,34756.7433745749,35873.871877676,36336.6366389235,36749.5276570597,37248.824604171,37962.4176178036,38857.4850499945,39519.8386999597,39239.388210022,37429.7665392627,37318.5331693426,36883.3229775247,35768.7434292721,35382.5335464273,35983.8075711698,37394.055186298,39550.1890761123,38497.48491577,40276.9081639705,40782.2350436035,36051.4185775262
"GDP per capita, PPP (constant 2017 international $)",NY.GDP.PCAP.PP.KD,Sri Lanka,LKA,6154.95105264192,6013.74201347581,6189.86655971038,6492.17550824474,6779.90975198736,7135.93449275782,7607.02930272944,8039.92718506746,8431.3919186745,8645.87946960039,9254.85151345007,9965.02194926347,10744.1472482579,11118.8404816333,11768.0203910113,12207.090713928,13544.5189851873,12770.8428315359,13753.054887365,13639.0218846549,12939.440565095
"GDP per capita, PPP (constant 2017 international $)",NY.GDP.PCAP.PP.KD,St. Kitts and Nevis,KNA,19631.6783614974,20427.119008243,20582.078580794,19701.3877031851,20423.1841700465,22341.3890210413,22971.9732798617,23040.6357748583,25539.6451984963,24608.7408531612,24558.7972381393,24862.4571116772,24656.0836698755,26042.0765357117,28003.5535000953,28202.9128767503,29317.5934663221,29310.4433361751,29934.4695279263,31178.6490168219,26678.3293400323
"GDP per capita, PPP (constant 2017 international $)",NY.GDP.PCAP.PP.KD,St. Lucia,LCA,12808.6699628997,12287.8606704761,12247.1384261125,12671.6910745671,13493.9434853332,13345.3767569926,14079.872577439,14228.4759626109,14838.9699807395,14324.6985364326,14267.1267044451,14779.8348908123,14680.2732269278,14315.3144354728,14436.8798191822,14384.1993936728,15247.4630286811,14810.6464105626,15622.7743815666,15460.7978892556,11651.1715356566
"GDP per capita, PPP (constant 2017 international $)",NY.GDP.PCAP.PP.KD,St. Martin (French part),MAF,..,..,..,..,..,..,..,..,..,..,..,..,..,..,..,..,..,..,..,..,..
"GDP per capita, PPP (constant 2017 international $)",NY.GDP.PCAP.PP.KD,St. Vincent and the Grenadines,VCT,8708.79534354333,8874.45673606482,9364.28033230299,10021.0848542544,10479.7486055395,10794.7045688255,11613.853769558,12065.0699944659,12169.6740867651,12053.963790953,11571.1389586509,11564.9960049595,11767.3200387474,12128.1180922868,12328.8033101169,12723.3458437434,13575.4164879984,13316.2282477408,14042.1735211886,14183.1885691443,13690.9007525787
"GDP per capita, PPP (constant 2017 international $)",NY.GDP.PCAP.PP.KD,Sudan,SDN,4040.61206054688,4183.4326171875,4316.29150390625,4467.1220703125,4571.087890625,4692.173828125,4847.587890625,4964.306640625,4993.87109375,4707.34619140625,4745.29736328125,5047.333984375,4711.0595703125,4692.27783203125,4776.6201171875,4718.9189453125,4613.9501953125,4733.017578125,4349.2099609375,4133.13037109375,3874.80029296875
"GDP per capita, PPP (constant 2017 international $)",NY.GDP.PCAP.PP.KD,Suriname,SUR,12848.4539613326,13157.4617126887,13300.1421101691,13910.3401899194,14891.9448073966,15391.8164972772,16102.5341744518,16735.725624859,17233.5600215757,17554.0571915886,18255.4088923387,19110.9454789361,19415.3468957795,19778.0713843989,19628.9899967694,18768.5718655697,17753.0602652977,17662.4722405267,18438.3467243164,18448.9789526216,15328.9969521901
"GDP per capita, PPP (constant 2017 international $)",NY.GDP.PCAP.PP.KD,Sweden,SWE,40625.3620520538,41103.7264589774,41870.2591560099,42678.2841388566,44354.3910620977,45440.2967492535,47292.3136933265,48557.3843477247,47963.4937520407,45492.768174936,47791.3715245947,48947.4393112155,48300.8425001578,48462.1600029489,49258.9961639539,50928.962975552,51947.9542478244,51334.4320301641,52349.2924275599,52850.5691792533,51331.2822226344
"GDP per capita, PPP (constant 2017 international $)",NY.GDP.PCAP.PP.KD,Switzerland,CHE,59190.4153448838,59743.8159278462,59250.164469794,58793.1482985086,59967.9130411668,61223.3932373521,63318.7948865406,65213.1805367067,66197.8674738811,63873.952372012,65262.3409776047,65710.9150670028,65783.5891077254,66196.9473125694,66930.8686271126,67261.5940093857,68193.5054944094,67907.3938773543,69629.3366101135,69923.9312089954,67928.1915071394
"GDP per capita, PPP (constant 2017 international $)",NY.GDP.PCAP.PP.KD,Syrian Arab Republic,SYR,..,..,..,..,..,..,..,..,..,..,..,..,..,..,..,..,..,..,..,..,..
"GDP per capita, PPP (constant 2017 international $)",NY.GDP.PCAP.PP.KD,Tajikistan,TJK,1312.70184291208,1407.98639296577,1528.34483713058,1663.22323213716,1799.81684056548,1884.94584164719,1980.23411215425,2095.79782998486,2219.30505470601,2261.40891793663,2359.99629068183,2481.55232237312,2610.14594826628,2741.20299945432,2858.21281715942,2959.97072561653,3236.43934350302,3091.22422270449,3405.11357765998,3575.2819562729,3651.94266028498
"GDP per capita, PPP (constant 2017 international $)",NY.GDP.PCAP.PP.KD,Tanzania,TZA,1369.58178710938,1413.82055664063,1475.09362792969,1532.28283691406,1603.24731445313,1676.07373046875,1736.23474121094,1802.54711914063,1853.84765625,1903.36938476563,1972.36743164063,2064.06860351563,2095.22241210938,2170.99926757813,2246.34497070313,2306.66748046875,2457.5693359375,2381.22241210938,2511.82934570313,2578.84033203125,2552.546875
"GDP per capita, PPP (constant 2017 international $)",NY.GDP.PCAP.PP.KD,Thailand,THA,9791.89597058768,10036.3294690388,10558.4674908695,11220.683300897,11828.8390434639,12228.6609049158,12739.7377155228,13330.2088760218,13459.2465196997,13270.6176143647,14172.2180561451,14199.2795150368,15129.9009336723,15442.3800948974,15509.1811014405,15919.3698642621,17008.0384242563,16393.3147372019,17669.0455750573,17997.1330707129,16865.5487709163
"GDP per capita, PPP (constant 2017 international $)",NY.GDP.PCAP.PP.KD,Timor-Leste,TLS,2319.65091706946,2654.69590556169,2431.43295081459,2334.53275532681,2296.13077720573,2307.76121193174,2156.5915302105,2320.12509917022,2525.741069896,2723.37542862762,2914.73971233656,3020.45792679486,3098.50657822013,3129.0197180491,3204.74897659043,3237.06680752578,3143.3245011956,3294.86552206016,3075.51017629001,3740.43467729418,4861.69342557337
"GDP per capita, PPP (constant 2017 international $)",NY.GDP.PCAP.PP.KD,Togo,TGO,1729.70175791331,1697.37871238236,1716.91346227794,1785.15463370944,1721.87620121834,1599.4585853231,1596.38773546612,1532.42006065008,1549.44041223879,1588.96477697099,1637.65195834997,1687.61106815319,1747.88421245595,1802.93897953095,1856.9048137414,1910.0000450624,1970.21483978015,1941.62759622356,2014.94172914438,2063.75873636961,2058.56505954715
"GDP per capita, PPP (constant 2017 international $)",NY.GDP.PCAP.PP.KD,Tonga,TON,4806.19639321964,4957.05117838883,5167.62862765394,5256.21445983925,5098.93173980194,5074.22290928303,5040.10448475601,5032.53643922961,5257.09669013154,4973.91337773116,5002.71900391604,5332.4960255604,5381.83925117447,5419.46761182403,5552.87833567682,5644.63292749439,6257.08973358404,6039.15847914399,6287.99079844851,6344.42144807383,6357.06991445266
"GDP per capita, PPP (constant 2017 international $)",NY.GDP.PCAP.PP.KD,Trinidad and Tobago,TTO,16347.5274838573,16948.01656925,18192.5980747133,20703.1348950618,22223.8665419822,23467.479812448,26415.7315880767,27512.8978416244,28283.8587013515,26879.8274575508,27593.7988219983,27324.1748967072,29146.3343701245,29958.9408015707,30900.4314627837,30460.3741847614,26481.0729690522,27992.1181801017,25864.9449662792,25698.0051958775,23392.9931402776
"GDP per capita, PPP (constant 2017 international $)",NY.GDP.PCAP.PP.KD,Tunisia,TUN,7673.71113158739,7883.8969453011,7909.47735058775,8200.79271929676,8628.86036642483,8847.08664748488,9226.47180213449,9755.41276645941,10073.6297855657,10279.9950729559,10478.0104391726,10135.6801974961,10428.9745273103,10563.3745980093,10767.2229090236,10750.2373228704,10874.9468863561,10751.3979430551,11046.6818041618,11113.7957309198,10040.1243774743
"GDP per capita, PPP (constant 2017 international $)",NY.GDP.PCAP.PP.KD,Turkiye,TUR,15223.3516934721,14136.6705970308,14839.1305823145,15488.1102122939,16775.0791956695,18038.8129252324,19043.6222765122,19845.3352230165,19755.464889716,18544.8781724656,19804.4615651713,21701.7020407689,22452.8440481953,24047.2922506099,24897.0014082098,26061.8315185663,28193.1744851997,26568.0196460284,28652.2115909444,28476.6828439244,28726.1916576598
"GDP per capita, PPP (constant 2017 international $)",NY.GDP.PCAP.PP.KD,Turkmenistan,TKM,4568.46055021197,4699.06959178469,4647.11499982279,4738.496326135,4912.67286863053,5477.9985097697,5995.36131829254,6564.50420823896,7418.48135939572,7748.14340690454,8321.21959991104,9379.14387596202,10233.4001874194,11071.5171149944,11989.653763765,12540.2838757783,13703.5127239741,13086.0134078181,14321.1395723949,14992.6039650936,14269.6410232194
"GDP per capita, PPP (constant 2017 international $)",NY.GDP.PCAP.PP.KD,Turks and Caicos Islands,TCA,..,..,..,..,..,..,..,..,..,..,..,25731.2832531353,24476.3417801933,23624.2876780084,24661.1450526,26284.7219931526,25207.8316863304,26931.7280255368,25567.9180658069,25933.5112061295,18474.8659948769
"GDP per capita, PPP (constant 2017 international $)",NY.GDP.PCAP.PP.KD,Tuvalu,TUV,3484.29042169653,3490.44705169017,3827.64469291764,3638.88234063698,3511.50574780868,3307.30724292046,3348.1147641387,3545.20407545196,3736.26959104486,3456.98272115315,3334.66487860458,3512.09341558216,3388.59755428833,3515.20069968976,3521.32867595309,3895.99794995226,4236.39950273788,4126.00947098061,4280.54348519959,4831.73612797484,4577.96563012522
"GDP per capita, PPP (constant 2017 international $)",NY.GDP.PCAP.PP.KD,Uganda,UGA,1241.53286586558,1266.72736140468,1335.1952766024,1377.95203445764,1428.84871129939,1475.81165015328,1588.00225496382,1671.82174983592,1764.99311625049,1830.8716668098,1878.52091780196,1996.06557674086,2013.54634137868,2026.62283943619,2067.79541692834,2108.86025763536,2128.39686872771,2137.20727773952,2186.90714698189,2250.01492163403,2240.49023729115
"GDP per capita, PPP (constant 2017 international $)",NY.GDP.PCAP.PP.KD,Ukraine,UKR,7496.81298828125,8242.703125,8765.6826171875,9678.0869140625,10902.0380859375,11319.5107421875,12259.158203125,13345.771484375,13719.271484375,11694.4482421875,12221.4404296875,12933.3564453125,12985.0869140625,13020.6005859375,12385.8134765625,11216.1181640625,11860.560546875,11536.31640625,12336.9267578125,12804.955078125,12407.7900390625
"GDP per capita, PPP (constant 2017 international $)",NY.GDP.PCAP.PP.KD,United Arab Emirates,ARE,100311.705929017,96448.1462596989,93915.9274791211,97363.6254773994,101872.122418625,99640.6944505134,95637.4149287203,82321.4471464728,71383.0444901031,59144.1403342053,56626.7375061677,59491.3758343339,59949.2445755139,62354.8232015733,64334.0915515339,68076.6358921929,71182.3707145056,71244.585812911,71550.5543294766,71782.1538368191,67668.2866393681
"GDP per capita, PPP (constant 2017 international $)",NY.GDP.PCAP.PP.KD,United Kingdom,GBR,38645.3351710832,39489.579891956,40027.4174026658,41095.1071999006,41853.477403346,42705.5481156907,43404.4011732276,44196.2556431564,43750.8011263323,41417.2561615428,42013.8237579989,42164.1183962835,42505.4419276806,42978.466136879,44026.5280117337,44648.8424051544,46048.2000506645,45162.9958506662,46412.5401946736,46909.0770276433,41895.8251486161
"GDP per capita, PPP (constant 2017 international $)",NY.GDP.PCAP.PP.KD,United States,USA,50169.8563622622,50149.8286916684,50529.349581757,51497.7346884645,52989.0306944184,54331.6583361399,55307.7191487452,55885.6461740938,55427.1782729987,53514.9317967918,54510.4656195265,54954.4639140964,55796.9719189018,56432.3277678137,57301.6004243398,58420.7030402533,59907.7542608847,58965.9874885429,61348.4565959474,62470.9299128669,60158.9104528302
"GDP per capita, PPP (constant 2017 international $)",NY.GDP.PCAP.PP.KD,Uruguay,URY,14762.9478690725,14157.9627622996,13041.5304572476,13131.6148968289,13773.7665071721,14784.0689815076,15368.6178797876,16342.6279553075,17476.1531778529,18174.0081868493,19542.5574688937,20496.4343642184,21161.8565301211,22077.4483014673,22722.0501071331,22731.5206296574,23384.7401885795,23041.5052424806,23388.12900354,23552.842731429,22073.3748726635
"GDP per capita, PPP (constant 2017 international $)",NY.GDP.PCAP.PP.KD,Uzbekistan,UZB,2967.6019102356,3052.28150391729,3134.96117390116,3229.84792416846,3430.62855890407,3626.62082421134,3849.59438049555,4154.70257805895,4457.69922082724,4735.99522012931,4953.96136759497,5185.68461969044,5472.83350687783,5781.1565699847,6075.19222413462,6401.11516738978,6840.70985995243,6663.94961380895,7118.20371242347,7403.74277976337,7407.7276397088
"GDP per capita, PPP (constant 2017 international $)",NY.GDP.PCAP.PP.KD,Vanuatu,VUT,2954.26941242844,2782.05364220794,2571.00357220386,2614.85218903454,2653.01462093256,2726.88436999954,2887.40024996914,2899.90637922555,2988.93670770147,3006.00613244755,2972.36874356407,2994.43719122437,2953.92983554387,2897.56428663704,2917.67787496353,2859.39927630523,3031.24317194292,2921.80840631996,3045.09541775409,3070.40405038143,2848.97023975982
"GDP per capita, PPP (constant 2017 international $)",NY.GDP.PCAP.PP.KD,"Venezuela, RB",VEN,..,..,..,..,..,..,..,..,..,..,..,..,..,..,..,..,..,..,..,..,..
"GDP per capita, PPP (constant 2017 international $)",NY.GDP.PCAP.PP.KD,Viet Nam,VNM,3690.86811242299,3879.3389011208,4082.37336832724,4319.37395129533,4597.75718993323,4895.34658782105,5186.43198895153,5503.07233984225,5757.92383165782,6006.5800610542,6324.52593571084,6658.66688960272,6950.28738674785,7257.72968107476,7641.90942838655,8091.08934858777,9050.68788675827,8545.70177595225,9636.01320425316,10252.0036300109,10450.6214983186
"GDP per capita, PPP (constant 2017 international $)",NY.GDP.PCAP.PP.KD,Virgin Islands (U.S.),VIR,..,..,..,..,..,..,..,..,..,..,..,..,..,..,..,..,..,..,..,..,..
"GDP per capita, PPP (constant 2017 international $)",NY.GDP.PCAP.PP.KD,West Bank and Gaza,PSE,4503.24884871918,3980.93334903897,3395.85502779122,3774.13239294371,4485.52545771034,4866.02847430128,4695.99472699102,4750.92969249725,4965.37294950639,5250.11607535578,5411.0664822782,5782.68959325891,5985.68324726688,6118.25718135648,5967.07343700875,6048.97659721444,6401.74089135074,6438.93364028868,6318.21006766832,6245.44869712345,5402.5387727565
"GDP per capita, PPP (constant 2017 international $)",NY.GDP.PCAP.PP.KD,"Yemen, Rep.",YEM,..,..,..,..,..,..,..,..,..,..,..,..,..,..,..,..,..,..,..,..,..
"GDP per capita, PPP (constant 2017 international $)",NY.GDP.PCAP.PP.KD,Zambia,ZMB,2096.49041156537,2142.78752423645,2171.93117902643,2252.11513490501,2335.06990983675,2422.43495542819,2525.0977444439,2641.03156431319,2746.49048241144,2894.96399725849,3083.35532116355,3146.84455306788,3275.96837770043,3330.87690336814,3375.9412698159,3365.37925889417,3395.47968550242,3384.268143509,3425.94893622826,3372.3589795823,3183.65077326259
"GDP per capita, PPP (constant 2017 international $)",NY.GDP.PCAP.PP.KD,Zimbabwe,ZWE,2750.60123610365,2772.325233759,2510.22892276329,2067.8803744946,1934.16464246549,1814.17438141321,1736.35833328702,1656.78917971699,1353.20736880539,1500.37978490207,1799.54023278568,2033.18137486894,2310.8072166663,2333.64453191232,2316.9545357127,2313.87855331727,2331.78083283086,2286.62354901056,2399.62155096537,2203.39680908098,1990.31941941589
,,,,,,,,,,,,,,,,,,,,,,,,
,,,,,,,,,,,,,,,,,,,,,,,,
,,,,,,,,,,,,,,,,,,,,,,,,
Data from database: World Development Indicators,,,,,,,,,,,,,,,,,,,,,,,,
Last Updated: 03/28/2024,,,,,,,,,,,,,,,,,,,,,,,,
